[
    {
        "final_product": [
            3,
            "yes",
            "Cc1ccc(S(=O)(=O)N(c2ccc(-c3ccccc3)cc2)S(=O)(=O)c2ccccc2)cc1",
            3
        ],
        "predicted_catalysts": [
            ""
        ],
        "predicted_reactants": [
            "O=S(=O)(Nc1ccc(-c2ccccc2)cc1)c1ccccc1",
            "Cc1ccc(S(=O)(=O)Cl)cc1"
        ],
        "predicted_reagents": [
            "c1ccncc1"
        ],
        "predicted_solvents": [
            ""
        ],
        "reaction_smiles": "O=S(=O)(Nc1ccc(-c2ccccc2)cc1)c1ccccc1.Cc1ccc(S(=O)(=O)Cl)cc1>>Cc1ccc(S(=O)(=O)N(c2ccc(-c3ccccc3)cc2)S(=O)(=O)c2ccccc2)cc1",
        "target_product": [
            [
                "Cc1ccc(S(=O)(=O)N(c2ccc(-c3ccccc3)cc2)S(=O)(=O)c2ccccc2)cc1"
            ]
        ],
        "total_volume": 500
    },
    {
        "final_product": [
            2,
            "yes",
            "C=CC(=O)N(c1ccc(NS(C)(=O)=O)cc1)n1cnnc1",
            2
        ],
        "predicted_catalysts": [
            ""
        ],
        "predicted_reactants": [
            "C=CC(=O)Nn1cnnc1",
            "CS(=O)(=O)Nc1ccc(B(O)O)cc1"
        ],
        "predicted_reagents": [
            "c1ccncc1"
        ],
        "predicted_solvents": [
            "ClCCl"
        ],
        "reaction_smiles": "C=CC(=O)Nn1cnnc1.CS(=O)(=O)Nc1ccc(B(O)O)cc1>>C=CC(=O)N(c1ccc(NS(C)(=O)=O)cc1)n1cnnc1",
        "target_product": [
            [
                "C=CC(=O)N(c1ccc(NS(C)(=O)=O)cc1)n1cnnc1"
            ]
        ],
        "total_volume": 500
    },
    {
        "final_product": [
            2,
            "yes",
            "Brc1cc(Br)cc(N(c2cccnc2)n2cnnc2)c1",
            2
        ],
        "predicted_catalysts": [
            ""
        ],
        "predicted_reactants": [
            "c1cncc(Nn2cnnc2)c1",
            "Fc1cc(Br)cc(Br)c1"
        ],
        "predicted_reagents": [
            "CC(C)(C)[O-].[K+]"
        ],
        "predicted_solvents": [
            "CN(C)C=O.CN(C)C=O"
        ],
        "reaction_smiles": "c1cncc(Nn2cnnc2)c1.Fc1cc(Br)cc(Br)c1>>Brc1cc(Br)cc(N(c2cccnc2)n2cnnc2)c1",
        "target_product": [
            [
                "Brc1cc(Br)cc(N(c2cccnc2)n2cnnc2)c1"
            ]
        ],
        "total_volume": 500
    },
    {
        "final_product": [
            2,
            "yes",
            "COc1ccc(C(=O)N(c2c(C)cc(C)cc2C)S(=O)(=O)c2ccccc2)cc1C(F)(F)F",
            2
        ],
        "predicted_catalysts": [
            "CN(C)C(ON1N=NC2=C1N=CC=C2)=[N+](C)C.FP(F)(F)(F)(F)F"
        ],
        "predicted_reactants": [
            "Cc1cc(C)c(NS(=O)(=O)c2ccccc2)c(C)c1",
            "COc1ccc(C(=O)O)cc1C(F)(F)F"
        ],
        "predicted_reagents": [
            "CCN(C(C)C)C(C)C"
        ],
        "predicted_solvents": [
            "CN(C)C=O"
        ],
        "reaction_smiles": "Cc1cc(C)c(NS(=O)(=O)c2ccccc2)c(C)c1.COc1ccc(C(=O)O)cc1C(F)(F)F>>COc1ccc(C(=O)N(c2c(C)cc(C)cc2C)S(=O)(=O)c2ccccc2)cc1C(F)(F)F",
        "target_product": [
            [
                "COc1ccc(C(=O)N(c2c(C)cc(C)cc2C)S(=O)(=O)c2ccccc2)cc1C(F)(F)F"
            ]
        ],
        "total_volume": 500
    },
    {
        "final_product": [
            3,
            "yes",
            "O=C(O)c1[nH]cnc1C(=O)N(c1ccc(-c2ccccc2)cc1)S(=O)(=O)c1ccccc1",
            3
        ],
        "predicted_catalysts": [
            ""
        ],
        "predicted_reactants": [
            "O=S(=O)(Nc1ccc(-c2ccccc2)cc1)c1ccccc1",
            "O=C(O)c1nc[nH]c1C(=O)O"
        ],
        "predicted_reagents": [
            "O=C(N1C=CN=C1)N1C=CN=C1"
        ],
        "predicted_solvents": [
            "C1CCOC1"
        ],
        "reaction_smiles": "O=S(=O)(Nc1ccc(-c2ccccc2)cc1)c1ccccc1.O=C(O)c1nc[nH]c1C(=O)O>>O=C(O)c1[nH]cnc1C(=O)N(c1ccc(-c2ccccc2)cc1)S(=O)(=O)c1ccccc1",
        "target_product": [
            [
                "O=C(O)c1[nH]cnc1C(=O)N(c1ccc(-c2ccccc2)cc1)S(=O)(=O)c1ccccc1"
            ]
        ],
        "total_volume": 500
    },
    {
        "final_product": [
            2,
            "yes",
            "CC(C)(C)c1ccc(S(=O)(=O)N(C(=O)Cc2ccccc2)S(C)(=O)=O)cc1",
            2
        ],
        "predicted_catalysts": [
            ""
        ],
        "predicted_reactants": [
            "CC(C)(C)c1ccc(S(=O)(=O)NS(C)(=O)=O)cc1",
            "O=C(Cl)Cc1ccccc1"
        ],
        "predicted_reagents": [
            ""
        ],
        "predicted_solvents": [
            "C1CCOC1"
        ],
        "reaction_smiles": "CC(C)(C)c1ccc(S(=O)(=O)NS(C)(=O)=O)cc1.O=C(Cl)Cc1ccccc1>>CC(C)(C)c1ccc(S(=O)(=O)N(C(=O)Cc2ccccc2)S(C)(=O)=O)cc1",
        "target_product": [
            [
                "CC(C)(C)c1ccc(S(=O)(=O)N(C(=O)Cc2ccccc2)S(C)(=O)=O)cc1"
            ]
        ],
        "total_volume": 500
    },
    {
        "final_product": [
            2,
            "yes",
            "CC(C)C(=O)N(c1ccc(C#N)cc1)n1cnnc1",
            2
        ],
        "predicted_catalysts": [
            "CC(=O)[O-].[Cu+2]"
        ],
        "predicted_reactants": [
            "CC(C)C(=O)Nn1cnnc1",
            "N#Cc1ccc(B(O)O)cc1"
        ],
        "predicted_reagents": [
            "c1ccncc1"
        ],
        "predicted_solvents": [
            "C1CCOC1"
        ],
        "reaction_smiles": "CC(C)C(=O)Nn1cnnc1.N#Cc1ccc(B(O)O)cc1>>CC(C)C(=O)N(c1ccc(C#N)cc1)n1cnnc1",
        "target_product": [
            [
                "CC(C)C(=O)N(c1ccc(C#N)cc1)n1cnnc1"
            ]
        ],
        "total_volume": 500
    },
    {
        "final_product": [
            1,
            "no",
            "N#Cc1ccc(N(c2ncn[nH]2)S(=O)(=O)c2cccs2)cc1",
            2
        ],
        "predicted_catalysts": [
            "CC(=O)[O-].[Cu+2]"
        ],
        "predicted_reactants": [
            "N#Cc1ccc(B(O)O)cc1",
            "Nc1ncn[nH]1"
        ],
        "predicted_reagents": [
            "CCN(CC)CC"
        ],
        "predicted_solvents": [
            "CO"
        ],
        "reaction_smiles": "N#Cc1ccc(B(O)O)cc1.Nc1ncn[nH]1>>N#Cc1ccc(Nc2ncn[nH]2)cc1",
        "target_product": [
            [
                "N#Cc1ccc(Nc2ncn[nH]2)cc1"
            ]
        ],
        "total_volume": 500
    },
    {
        "final_product": [
            2,
            "no",
            "O=[N+]([O-])c1cnc(N(c2ccsc2)S(=O)(=O)c2ccc(-c3ccc4c(c3)OCO4)cc2)nc1",
            3
        ],
        "predicted_catalysts": [
            ""
        ],
        "predicted_reactants": [
            "O=[N+]([O-])c1cnc(Nc2ccsc2)nc1",
            "O=S(=O)(Cl)c1ccc(Br)cc1"
        ],
        "predicted_reagents": [
            "C1CCC2=NCCCN2CC1"
        ],
        "predicted_solvents": [
            "CC#N"
        ],
        "reaction_smiles": "O=[N+]([O-])c1cnc(Nc2ccsc2)nc1.O=S(=O)(Cl)c1ccc(Br)cc1>>O=[N+]([O-])c1cnc(N(c2ccsc2)S(=O)(=O)c2ccc(Br)cc2)nc1",
        "target_product": [
            [
                "O=[N+]([O-])c1cnc(N(c2ccsc2)S(=O)(=O)c2ccc(Br)cc2)nc1"
            ]
        ],
        "total_volume": 500
    },
    {
        "final_product": [
            2,
            "yes",
            "CN(C)C(=O)N(c1ccc(NS(C)(=O)=O)cc1)n1cnnc1",
            2
        ],
        "predicted_catalysts": [
            "CC(=O)[O-].[Cu+2]"
        ],
        "predicted_reactants": [
            "CN(C)C(=O)Nn1cnnc1",
            "CS(=O)(=O)Nc1ccc(B(O)O)cc1"
        ],
        "predicted_reagents": [
            "c1ccncc1"
        ],
        "predicted_solvents": [
            "ClCCl"
        ],
        "reaction_smiles": "CN(C)C(=O)Nn1cnnc1.CS(=O)(=O)Nc1ccc(B(O)O)cc1>>CN(C)C(=O)N(c1ccc(NS(C)(=O)=O)cc1)n1cnnc1",
        "target_product": [
            [
                "CN(C)C(=O)N(c1ccc(NS(C)(=O)=O)cc1)n1cnnc1"
            ]
        ],
        "total_volume": 500
    },
    {
        "final_product": [
            1,
            "no",
            "Cn1nnc(N(c2cc3ccccc3o2)S(=O)(=O)c2ccc(C(C)(C)C)cc2)n1",
            2
        ],
        "predicted_catalysts": [
            ""
        ],
        "predicted_reactants": [
            "OB(O)c1cc2ccccc2o1",
            "Cn1nnc(N)n1"
        ],
        "predicted_reagents": [
            ""
        ],
        "predicted_solvents": [
            "CN(C)C=O"
        ],
        "reaction_smiles": "OB(O)c1cc2ccccc2o1.Cn1nnc(N)n1>>Cn1nnc(Nc2cc3ccccc3o2)n1",
        "target_product": [
            [
                "Cn1nnc(Nc2cc3ccccc3o2)n1"
            ]
        ],
        "total_volume": 500
    },
    {
        "final_product": [
            3,
            "yes",
            "COc1cccc(C(=O)N(c2ccc(-c3ccccc3)cc2)S(=O)(=O)c2ccccc2)c1",
            3
        ],
        "predicted_catalysts": [
            ""
        ],
        "predicted_reactants": [
            "O=S(=O)(Nc1ccc(-c2ccccc2)cc1)c1ccccc1",
            "COc1cccc(C(=O)Cl)c1"
        ],
        "predicted_reagents": [
            "CN(C)c1ccncc1.O=C([O-])[O-].[K+]"
        ],
        "predicted_solvents": [
            ""
        ],
        "reaction_smiles": "O=S(=O)(Nc1ccc(-c2ccccc2)cc1)c1ccccc1.COc1cccc(C(=O)Cl)c1>>COc1cccc(C(=O)N(c2ccc(-c3ccccc3)cc2)S(=O)(=O)c2ccccc2)c1",
        "target_product": [
            [
                "COc1cccc(C(=O)N(c2ccc(-c3ccccc3)cc2)S(=O)(=O)c2ccccc2)c1"
            ]
        ],
        "total_volume": 500
    },
    {
        "final_product": [
            2,
            "yes",
            "Cc1cc(C)c(N(C(=O)c2nc(N)n[nH]2)S(=O)(=O)c2ccccc2)c(C)c1",
            2
        ],
        "predicted_catalysts": [
            ""
        ],
        "predicted_reactants": [
            "Cc1cc(C)c(NS(=O)(=O)c2ccccc2)c(C)c1",
            "Nc1n[nH]c(C(=O)O)n1"
        ],
        "predicted_reagents": [
            "CCN=C=NCCCN(C)C.Cl"
        ],
        "predicted_solvents": [
            "CN(C)C=O.CN(C)P(=O)(F)N(C)C"
        ],
        "reaction_smiles": "Cc1cc(C)c(NS(=O)(=O)c2ccccc2)c(C)c1.Nc1n[nH]c(C(=O)O)n1>>Cc1cc(C)c(N(C(=O)c2nc(N)n[nH]2)S(=O)(=O)c2ccccc2)c(C)c1",
        "target_product": [
            [
                "Cc1cc(C)c(N(C(=O)c2nc(N)n[nH]2)S(=O)(=O)c2ccccc2)c(C)c1"
            ]
        ],
        "total_volume": 500
    },
    {
        "final_product": [
            3,
            "yes",
            "O=[N+]([O-])c1cc(CNc2ccncc2Cl)ccc1N(n1cnnc1)S(=O)(=O)c1ccccc1",
            3
        ],
        "predicted_catalysts": [
            "CC(=O)O"
        ],
        "predicted_reactants": [
            "O=Cc1ccc(N(n2cnnc2)S(=O)(=O)c2ccccc2)c([N+](=O)[O-])c1",
            "Nc1ccncc1Cl"
        ],
        "predicted_reagents": [
            "[H][B-](OC(C)=O)(OC(C)=O)OC(C)=O.[Na+]"
        ],
        "predicted_solvents": [
            "ClCCCl"
        ],
        "reaction_smiles": "O=Cc1ccc(N(n2cnnc2)S(=O)(=O)c2ccccc2)c([N+](=O)[O-])c1.Nc1ccncc1Cl>>O=[N+]([O-])c1cc(CNc2ccncc2Cl)ccc1N(n1cnnc1)S(=O)(=O)c1ccccc1",
        "target_product": [
            [
                "O=[N+]([O-])c1cc(CNc2ccncc2Cl)ccc1N(n1cnnc1)S(=O)(=O)c1ccccc1"
            ]
        ],
        "total_volume": 500
    },
    {
        "final_product": [
            2,
            "yes",
            "CS(=O)(=O)N(C#N)c1ccccc1",
            2
        ],
        "predicted_catalysts": [
            "CC(=O)[O-].[Cu+2]"
        ],
        "predicted_reactants": [
            "CS(=O)(=O)NC#N",
            "OB(O)c1ccccc1"
        ],
        "predicted_reagents": [
            "CCN(CC)CC"
        ],
        "predicted_solvents": [
            "ClCCl"
        ],
        "reaction_smiles": "CS(=O)(=O)NC#N.OB(O)c1ccccc1>>CS(=O)(=O)N(C#N)c1ccccc1",
        "target_product": [
            [
                "CS(=O)(=O)N(C#N)c1ccccc1"
            ]
        ],
        "total_volume": 500
    },
    {
        "final_product": [
            2,
            "yes",
            "Cc1cc(C)c(N(C(=O)CBr)S(=O)(=O)c2ccccc2)c(C)c1",
            2
        ],
        "predicted_catalysts": [
            ""
        ],
        "predicted_reactants": [
            "Cc1cc(C)c(NS(=O)(=O)c2ccccc2)c(C)c1",
            "O=C(Br)CBr"
        ],
        "predicted_reagents": [
            "O=C([O-])[O-].[K+]"
        ],
        "predicted_solvents": [
            "CC#N"
        ],
        "reaction_smiles": "Cc1cc(C)c(NS(=O)(=O)c2ccccc2)c(C)c1.O=C(Br)CBr>>Cc1cc(C)c(N(C(=O)CBr)S(=O)(=O)c2ccccc2)c(C)c1",
        "target_product": [
            [
                "Cc1cc(C)c(N(C(=O)CBr)S(=O)(=O)c2ccccc2)c(C)c1"
            ]
        ],
        "total_volume": 500
    },
    {
        "final_product": [
            2,
            "yes",
            "COc1ccc(N(C#N)S(=O)(=O)c2cccc3cccnc23)cc1",
            2
        ],
        "predicted_catalysts": [
            ""
        ],
        "predicted_reactants": [
            "COc1ccc(NC#N)cc1",
            "O=S(=O)(Cl)c1cccc2cccnc12"
        ],
        "predicted_reagents": [
            "[H-].[Na+]"
        ],
        "predicted_solvents": [
            ""
        ],
        "reaction_smiles": "COc1ccc(NC#N)cc1.O=S(=O)(Cl)c1cccc2cccnc12>>COc1ccc(N(C#N)S(=O)(=O)c2cccc3cccnc23)cc1",
        "target_product": [
            [
                "COc1ccc(N(C#N)S(=O)(=O)c2cccc3cccnc23)cc1"
            ]
        ],
        "total_volume": 500
    },
    {
        "final_product": [
            2,
            "yes",
            "Cc1cc(C)c(N(S(=O)(=O)c2ccc(Br)cc2)S(=O)(=O)c2cccs2)c(C)c1",
            2
        ],
        "predicted_catalysts": [
            ""
        ],
        "predicted_reactants": [
            "Cc1cc(C)c(NS(=O)(=O)c2cccs2)c(C)c1",
            "O=S(=O)(Cl)c1ccc(Br)cc1"
        ],
        "predicted_reagents": [
            "c1ccncc1"
        ],
        "predicted_solvents": [
            ""
        ],
        "reaction_smiles": "Cc1cc(C)c(NS(=O)(=O)c2cccs2)c(C)c1.O=S(=O)(Cl)c1ccc(Br)cc1>>Cc1cc(C)c(N(S(=O)(=O)c2ccc(Br)cc2)S(=O)(=O)c2cccs2)c(C)c1",
        "target_product": [
            [
                "Cc1cc(C)c(N(S(=O)(=O)c2ccc(Br)cc2)S(=O)(=O)c2cccs2)c(C)c1"
            ]
        ],
        "total_volume": 500
    }
]