[
    {
        "final_product": [
            2,
            "yes",
            "Cc1ccc(S(=O)(=O)N(CC(C)C)c2ccc([N+](=O)[O-])cc2)cc1",
            2
        ],
        "predicted_catalysts": [
            ""
        ],
        "predicted_reactants": [
            "CC(C)CNc1ccc([N+](=O)[O-])cc1",
            "Cc1ccc(S(=O)(=O)Cl)cc1"
        ],
        "predicted_reagents": [
            "c1ccncc1"
        ],
        "predicted_solvents": [
            ""
        ],
        "reaction_smiles": "CC(C)CNc1ccc([N+](=O)[O-])cc1.Cc1ccc(S(=O)(=O)Cl)cc1>>Cc1ccc(S(=O)(=O)N(CC(C)C)c2ccc([N+](=O)[O-])cc2)cc1",
        "target_product": [
            [
                "Cc1ccc(S(=O)(=O)N(CC(C)C)c2ccc([N+](=O)[O-])cc2)cc1"
            ]
        ],
        "total_volume": 500
    },
    {
        "final_product": [
            1,
            "no",
            "C=CC(=O)N(c1ccc(NS(C)(=O)=O)cc1)n1cnnc1",
            2
        ],
        "predicted_catalysts": [
            ""
        ],
        "predicted_reactants": [
            "Nn1cnnc1",
            "C=CC(=O)O"
        ],
        "predicted_reagents": [
            "CCOP(=O)(C#N)OCC.CCN(CC)CC"
        ],
        "predicted_solvents": [
            "CN(C)C=O"
        ],
        "reaction_smiles": "Nn1cnnc1.C=CC(=O)O>>C=CC(=O)Nn1cnnc1",
        "target_product": [
            [
                "C=CC(=O)Nn1cnnc1"
            ]
        ],
        "total_volume": 500
    },
    {
        "final_product": [
            2,
            "yes",
            "O=C(O)c1ccc(N(c2ccc(C(F)(F)F)cc2)n2cnnc2)cc1",
            2
        ],
        "predicted_catalysts": [
            ""
        ],
        "predicted_reactants": [
            "O=C(O)c1ccc(Nn2cnnc2)cc1",
            "Fc1ccc(C(F)(F)F)cc1"
        ],
        "predicted_reagents": [
            "[H-].[Na+]"
        ],
        "predicted_solvents": [
            "CS(C)=O.CS(C)=O"
        ],
        "reaction_smiles": "O=C(O)c1ccc(Nn2cnnc2)cc1.Fc1ccc(C(F)(F)F)cc1>>O=C(O)c1ccc(N(c2ccc(C(F)(F)F)cc2)n2cnnc2)cc1",
        "target_product": [
            [
                "O=C(O)c1ccc(N(c2ccc(C(F)(F)F)cc2)n2cnnc2)cc1"
            ]
        ],
        "total_volume": 500
    },
    {
        "final_product": [
            2,
            "yes",
            "O=S(=O)(c1cccs1)N(c1ccsc1)c1ncccn1",
            2
        ],
        "predicted_catalysts": [
            ""
        ],
        "predicted_reactants": [
            "c1cnc(Nc2ccsc2)nc1",
            "O=S(=O)(Cl)c1cccs1"
        ],
        "predicted_reagents": [
            "CCN(CC)CC"
        ],
        "predicted_solvents": [
            "ClCCl"
        ],
        "reaction_smiles": "c1cnc(Nc2ccsc2)nc1.O=S(=O)(Cl)c1cccs1>>O=S(=O)(c1cccs1)N(c1ccsc1)c1ncccn1",
        "target_product": [
            [
                "O=S(=O)(c1cccs1)N(c1ccsc1)c1ncccn1"
            ]
        ],
        "total_volume": 500
    },
    {
        "final_product": [
            1,
            "no",
            "COc1ccc(N(C#N)S(=O)(=O)c2cccc3cccnc23)cc1",
            2
        ],
        "predicted_catalysts": [
            "CC(=O)[O-].[Cu+2]"
        ],
        "predicted_reactants": [
            "N#CN",
            "COc1ccc(B(O)O)cc1"
        ],
        "predicted_reagents": [
            "c1ccncc1"
        ],
        "predicted_solvents": [
            "ClCCl"
        ],
        "reaction_smiles": "N#CN.COc1ccc(B(O)O)cc1>>COc1ccc(NC#N)cc1",
        "target_product": [
            [
                "COc1ccc(NC#N)cc1"
            ]
        ],
        "total_volume": 500
    },
    {
        "final_product": [
            1,
            "no",
            "COc1ccc(N(C#N)S(=O)(=O)c2cccc(Br)c2)cc1",
            2
        ],
        "predicted_catalysts": [
            "CC(=O)[O-].[Cu+2]"
        ],
        "predicted_reactants": [
            "N#CN",
            "COc1ccc(B(O)O)cc1"
        ],
        "predicted_reagents": [
            "c1ccncc1"
        ],
        "predicted_solvents": [
            "ClCCl"
        ],
        "reaction_smiles": "N#CN.COc1ccc(B(O)O)cc1>>COc1ccc(NC#N)cc1",
        "target_product": [
            [
                "COc1ccc(NC#N)cc1"
            ]
        ],
        "total_volume": 500
    },
    {
        "final_product": [
            2,
            "yes",
            "COc1ccc(C(=O)N(c2cc(Br)cc(Br)c2)n2cnnc2)c(C)c1",
            2
        ],
        "predicted_catalysts": [
            ""
        ],
        "predicted_reactants": [
            "Brc1cc(Br)cc(Nn2cnnc2)c1",
            "COc1ccc(C(=O)O)c(C)c1"
        ],
        "predicted_reagents": [
            "O=C(N1C=CN=C1)N1C=CN=C1"
        ],
        "predicted_solvents": [
            "CN(C)C=O.CN(C)C=O"
        ],
        "reaction_smiles": "Brc1cc(Br)cc(Nn2cnnc2)c1.COc1ccc(C(=O)O)c(C)c1>>COc1ccc(C(=O)N(c2cc(Br)cc(Br)c2)n2cnnc2)c(C)c1",
        "target_product": [
            [
                "COc1ccc(C(=O)N(c2cc(Br)cc(Br)c2)n2cnnc2)c(C)c1"
            ]
        ],
        "total_volume": 500
    },
    {
        "final_product": [
            1,
            "no",
            "NS(=O)(=O)N(S(=O)(=O)c1ccccc1)S(=O)(=O)C(F)(F)F",
            2
        ],
        "predicted_catalysts": [
            ""
        ],
        "predicted_reactants": [
            "O=S(=O)(Cl)C(F)(F)F",
            "NS(N)(=O)=O"
        ],
        "predicted_reagents": [
            ""
        ],
        "predicted_solvents": [
            "CC#N"
        ],
        "reaction_smiles": "O=S(=O)(Cl)C(F)(F)F.NS(N)(=O)=O>>NS(=O)(=O)NS(=O)(=O)C(F)(F)F",
        "target_product": [
            [
                "NS(=O)(=O)NS(=O)(=O)C(F)(F)F"
            ]
        ],
        "total_volume": 500
    },
    {
        "final_product": [
            2,
            "yes",
            "CC(C)(C)OC(=O)n1cccc1N(c1ccc([N+](=O)[O-])cc1)n1cnnc1",
            2
        ],
        "predicted_catalysts": [
            "CC(=O)[O-].[Cu+]"
        ],
        "predicted_reactants": [
            "O=[N+]([O-])c1ccc(Nn2cnnc2)cc1",
            "CC(C)(C)OC(=O)n1cccc1B(O)O"
        ],
        "predicted_reagents": [
            "c1ccncc1"
        ],
        "predicted_solvents": [
            "ClCCl"
        ],
        "reaction_smiles": "O=[N+]([O-])c1ccc(Nn2cnnc2)cc1.CC(C)(C)OC(=O)n1cccc1B(O)O>>CC(C)(C)OC(=O)n1cccc1N(c1ccc([N+](=O)[O-])cc1)n1cnnc1",
        "target_product": [
            [
                "CC(C)(C)OC(=O)n1cccc1N(c1ccc([N+](=O)[O-])cc1)n1cnnc1"
            ]
        ],
        "total_volume": 500
    },
    {
        "final_product": [
            1,
            "no",
            "COc1nccc(N(c2ccsc2)S(=O)(=O)c2ccc(C)cc2)n1",
            2
        ],
        "predicted_catalysts": [
            ""
        ],
        "predicted_reactants": [
            "B(C1=CSC=C1)(O)O",
            "COc1nccc(N)n1"
        ],
        "predicted_reagents": [
            "[H-].[Na+]"
        ],
        "predicted_solvents": [
            "C1CCOC1"
        ],
        "reaction_smiles": "B(C1=CSC=C1)(O)O.COc1nccc(N)n1>>COc1nccc(Nc2ccsc2)n1",
        "target_product": [
            [
                "COc1nccc(Nc2ccsc2)n1"
            ]
        ],
        "total_volume": 500
    },
    {
        "final_product": [
            1,
            "no",
            "COc1nccc(N(c2ccsc2)S(=O)(=O)c2ccc(C(C)(C)C)cc2)n1",
            2
        ],
        "predicted_catalysts": [
            ""
        ],
        "predicted_reactants": [
            "B(C1=CSC=C1)(O)O",
            "COc1nccc(N)n1"
        ],
        "predicted_reagents": [
            "[H-].[Na+]"
        ],
        "predicted_solvents": [
            "C1CCOC1"
        ],
        "reaction_smiles": "B(C1=CSC=C1)(O)O.COc1nccc(N)n1>>COc1nccc(Nc2ccsc2)n1",
        "target_product": [
            [
                "COc1nccc(Nc2ccsc2)n1"
            ]
        ],
        "total_volume": 500
    },
    {
        "final_product": [
            2,
            "yes",
            "O=[N+]([O-])c1ccc(N(c2cc3ccccc3o2)S(=O)(=O)C(F)(F)F)cc1",
            2
        ],
        "predicted_catalysts": [
            ""
        ],
        "predicted_reactants": [
            "O=[N+]([O-])c1ccc(NS(=O)(=O)C(F)(F)F)cc1",
            "OB(O)c1cc2ccccc2o1"
        ],
        "predicted_reagents": [
            "CCN(CC)CC"
        ],
        "predicted_solvents": [
            "Cc1ccccc1.ClC(Cl)Cl"
        ],
        "reaction_smiles": "O=[N+]([O-])c1ccc(NS(=O)(=O)C(F)(F)F)cc1.OB(O)c1cc2ccccc2o1>>O=[N+]([O-])c1ccc(N(c2cc3ccccc3o2)S(=O)(=O)C(F)(F)F)cc1",
        "target_product": [
            [
                "O=[N+]([O-])c1ccc(N(c2cc3ccccc3o2)S(=O)(=O)C(F)(F)F)cc1"
            ]
        ],
        "total_volume": 500
    },
    {
        "final_product": [
            2,
            "yes",
            "O=S(=O)(c1cccs1)N(c1cnc2ccccc2c1)n1cnnc1",
            2
        ],
        "predicted_catalysts": [
            ""
        ],
        "predicted_reactants": [
            "c1ccc2ncc(Nn3cnnc3)cc2c1",
            "O=S(=O)(Cl)c1cccs1"
        ],
        "predicted_reagents": [
            "O=C([O-])[O-].[K+]"
        ],
        "predicted_solvents": [
            "ClCCl"
        ],
        "reaction_smiles": "c1ccc2ncc(Nn3cnnc3)cc2c1.O=S(=O)(Cl)c1cccs1>>O=S(=O)(c1cccs1)N(c1cnc2ccccc2c1)n1cnnc1",
        "target_product": [
            [
                "O=S(=O)(c1cccs1)N(c1cnc2ccccc2c1)n1cnnc1"
            ]
        ],
        "total_volume": 500
    },
    {
        "final_product": [
            2,
            "yes",
            "NC(=O)c1ccccc1N(c1cc(Br)cc(Br)c1)n1cnnc1",
            2
        ],
        "predicted_catalysts": [
            "CC(=O)[O-].[Cu+2]"
        ],
        "predicted_reactants": [
            "Brc1cc(Br)cc(Nn2cnnc2)c1",
            "NC(=O)c1ccccc1B(O)O"
        ],
        "predicted_reagents": [
            "c1ccncc1"
        ],
        "predicted_solvents": [
            "ClCCl"
        ],
        "reaction_smiles": "Brc1cc(Br)cc(Nn2cnnc2)c1.NC(=O)c1ccccc1B(O)O>>NC(=O)c1ccccc1N(c1cc(Br)cc(Br)c1)n1cnnc1",
        "target_product": [
            [
                "NC(=O)c1ccccc1N(c1cc(Br)cc(Br)c1)n1cnnc1"
            ]
        ],
        "total_volume": 500
    },
    {
        "final_product": [
            1,
            "yes",
            "N#CNS(=O)(=O)c1ccccc1",
            1
        ],
        "predicted_catalysts": [
            ""
        ],
        "predicted_reactants": [
            "N#CN",
            "O=S(=O)(Cl)c1ccccc1"
        ],
        "predicted_reagents": [
            "[Na+].[OH-]"
        ],
        "predicted_solvents": [
            ""
        ],
        "reaction_smiles": "N#CN.O=S(=O)(Cl)c1ccccc1>>N#CNS(=O)(=O)c1ccccc1",
        "target_product": [
            [
                "N#CNS(=O)(=O)c1ccccc1"
            ]
        ],
        "total_volume": 500
    },
    {
        "final_product": [
            1,
            "no",
            "O=Cc1c(Cl)nc(Cl)nc1N(C(=O)CCBr)n1cnnc1",
            2
        ],
        "predicted_catalysts": [
            ""
        ],
        "predicted_reactants": [
            "Nn1cnnc1",
            "O=Cc1c(Cl)nc(Cl)nc1Cl"
        ],
        "predicted_reagents": [
            "CCN(CC)CC"
        ],
        "predicted_solvents": [
            ""
        ],
        "reaction_smiles": "Nn1cnnc1.O=Cc1c(Cl)nc(Cl)nc1Cl>>O=Cc1c(Cl)nc(Cl)nc1Nn1cnnc1",
        "target_product": [
            [
                "O=Cc1c(Cl)nc(Cl)nc1Nn1cnnc1"
            ]
        ],
        "total_volume": 500
    },
    {
        "final_product": [
            1,
            "no",
            "Cc1cc(C)c(N(c2ccccc2C#N)S(=O)(=O)c2ccccc2)c(C)c1",
            2
        ],
        "predicted_catalysts": [
            "CC(=O)[O-].[Cu+2]"
        ],
        "predicted_reactants": [
            "CC1=CC(=C(C(=C1)C)N)C",
            "N#Cc1ccccc1B(O)O"
        ],
        "predicted_reagents": [
            "CCN(CC)CC"
        ],
        "predicted_solvents": [
            "ClCCl"
        ],
        "reaction_smiles": "CC1=CC(=C(C(=C1)C)N)C.N#Cc1ccccc1B(O)O>>Cc1cc(C)c(Nc2ccccc2C#N)c(C)c1",
        "target_product": [
            [
                "Cc1cc(C)c(Nc2ccccc2C#N)c(C)c1"
            ]
        ],
        "total_volume": 500
    },
    {
        "final_product": [
            2,
            "yes",
            "CN(C(N)=S)N(c1ccc([N+](=O)[O-])cc1)S(=O)(=O)c1ccc(C(C)(C)C)cc1",
            2
        ],
        "predicted_catalysts": [
            ""
        ],
        "predicted_reactants": [
            "CN(Nc1ccc([N+](=O)[O-])cc1)C(N)=S",
            "CC(C)(C)c1ccc(S(=O)(=O)Cl)cc1"
        ],
        "predicted_reagents": [
            "c1ccncc1"
        ],
        "predicted_solvents": [
            "CN(C)C=O"
        ],
        "reaction_smiles": "CN(Nc1ccc([N+](=O)[O-])cc1)C(N)=S.CC(C)(C)c1ccc(S(=O)(=O)Cl)cc1>>CN(C(N)=S)N(c1ccc([N+](=O)[O-])cc1)S(=O)(=O)c1ccc(C(C)(C)C)cc1",
        "target_product": [
            [
                "CN(C(N)=S)N(c1ccc([N+](=O)[O-])cc1)S(=O)(=O)c1ccc(C(C)(C)C)cc1"
            ]
        ],
        "total_volume": 500
    },
    {
        "final_product": [
            2,
            "yes",
            "O=[N+]([O-])c1ccc(N(c2ccccc2CO)S(=O)(=O)C(F)(F)F)cc1",
            2
        ],
        "predicted_catalysts": [
            ""
        ],
        "predicted_reactants": [
            "O=[N+]([O-])c1ccc(NS(=O)(=O)C(F)(F)F)cc1",
            "OCc1ccccc1F"
        ],
        "predicted_reagents": [
            "O=C([O-])[O-].[K+]"
        ],
        "predicted_solvents": [
            "CN(C)C=O.CN(C)C=O"
        ],
        "reaction_smiles": "O=[N+]([O-])c1ccc(NS(=O)(=O)C(F)(F)F)cc1.OCc1ccccc1F>>O=[N+]([O-])c1ccc(N(c2ccccc2CO)S(=O)(=O)C(F)(F)F)cc1",
        "target_product": [
            [
                "O=[N+]([O-])c1ccc(N(c2ccccc2CO)S(=O)(=O)C(F)(F)F)cc1"
            ]
        ],
        "total_volume": 500
    },
    {
        "final_product": [
            2,
            "no",
            "O=C(CBr)N(c1ccc(-c2ccccc2)cc1)S(=O)(=O)c1cccs1",
            3
        ],
        "predicted_catalysts": [
            ""
        ],
        "predicted_reactants": [
            "Nc1ccc(-c2ccccc2)cc1",
            "O=S(=O)(Cl)c1cccs1"
        ],
        "predicted_reagents": [
            "c1ccncc1"
        ],
        "predicted_solvents": [
            ""
        ],
        "reaction_smiles": "Nc1ccc(-c2ccccc2)cc1.O=S(=O)(Cl)c1cccs1>>O=S(=O)(Nc1ccc(-c2ccccc2)cc1)c1cccs1",
        "target_product": [
            [
                "O=S(=O)(Nc1ccc(-c2ccccc2)cc1)c1cccs1"
            ]
        ],
        "total_volume": 500
    },
    {
        "final_product": [
            2,
            "no",
            "Nc1ccc(N(c2ccc(-c3ccccc3)cc2)S(=O)(=O)c2cccs2)cn1",
            3
        ],
        "predicted_catalysts": [
            ""
        ],
        "predicted_reactants": [
            "Nc1ccc(-c2ccccc2)cc1",
            "O=S(=O)(Cl)c1cccs1"
        ],
        "predicted_reagents": [
            "c1ccncc1"
        ],
        "predicted_solvents": [
            ""
        ],
        "reaction_smiles": "Nc1ccc(-c2ccccc2)cc1.O=S(=O)(Cl)c1cccs1>>O=S(=O)(Nc1ccc(-c2ccccc2)cc1)c1cccs1",
        "target_product": [
            [
                "O=S(=O)(Nc1ccc(-c2ccccc2)cc1)c1cccs1"
            ]
        ],
        "total_volume": 500
    },
    {
        "final_product": [
            1,
            "no",
            "CS(=O)(=O)N(S(C)(=O)=O)S(=O)(=O)c1ccccc1",
            2
        ],
        "predicted_catalysts": [
            ""
        ],
        "predicted_reactants": [
            "CS(N)(=O)=O",
            "CS(=O)(=O)Cl"
        ],
        "predicted_reagents": [
            "c1ccncc1"
        ],
        "predicted_solvents": [
            ""
        ],
        "reaction_smiles": "CS(N)(=O)=O.CS(=O)(=O)Cl>>CS(=O)(=O)NS(C)(=O)=O",
        "target_product": [
            [
                "CS(=O)(=O)NS(C)(=O)=O"
            ]
        ],
        "total_volume": 500
    },
    {
        "final_product": [
            2,
            "no",
            "CC(=O)Nc1ccc(N(c2ccc(-c3ccccc3)cc2)S(=O)(=O)c2ccc(C)cc2)cc1",
            3
        ],
        "predicted_catalysts": [
            "CC(=O)[O-].[Cu+2]"
        ],
        "predicted_reactants": [
            "Nc1ccc(-c2ccccc2)cc1",
            "CC(=O)Nc1ccc(B(O)O)cc1"
        ],
        "predicted_reagents": [
            "c1ccncc1"
        ],
        "predicted_solvents": [
            "ClCCl"
        ],
        "reaction_smiles": "Nc1ccc(-c2ccccc2)cc1.CC(=O)Nc1ccc(B(O)O)cc1>>CC(=O)Nc1ccc(Nc2ccc(-c3ccccc3)cc2)cc1",
        "target_product": [
            [
                "CC(=O)Nc1ccc(Nc2ccc(-c3ccccc3)cc2)cc1"
            ]
        ],
        "total_volume": 500
    },
    {
        "final_product": [
            2,
            "yes",
            "CC(=O)OCC(=O)N(c1cccnc1)n1cnnc1",
            2
        ],
        "predicted_catalysts": [
            "CC(=O)[O-].[Cu+2]"
        ],
        "predicted_reactants": [
            "CC(=O)OCC(=O)Nn1cnnc1",
            "OB(O)c1cccnc1"
        ],
        "predicted_reagents": [
            "c1ccncc1"
        ],
        "predicted_solvents": [
            "ClCCl"
        ],
        "reaction_smiles": "CC(=O)OCC(=O)Nn1cnnc1.OB(O)c1cccnc1>>CC(=O)OCC(=O)N(c1cccnc1)n1cnnc1",
        "target_product": [
            [
                "CC(=O)OCC(=O)N(c1cccnc1)n1cnnc1"
            ]
        ],
        "total_volume": 500
    },
    {
        "final_product": [
            1,
            "no",
            "CS(=O)(=O)N(c1cccnc1)n1cnnc1",
            2
        ],
        "predicted_catalysts": [
            "CC(=O)[O-].[Cu+2]"
        ],
        "predicted_reactants": [
            "Nn1cnnc1",
            "OB(O)c1cccnc1"
        ],
        "predicted_reagents": [
            "CCN(CC)CC"
        ],
        "predicted_solvents": [
            "ClCCl"
        ],
        "reaction_smiles": "Nn1cnnc1.OB(O)c1cccnc1>>c1cncc(Nn2cnnc2)c1",
        "target_product": [
            [
                "c1cncc(Nn2cnnc2)c1"
            ]
        ],
        "total_volume": 500
    },
    {
        "final_product": [
            1,
            "no",
            "CC(=O)Oc1ccccc1C(=O)N(c1cccnc1)n1cnnc1",
            2
        ],
        "predicted_catalysts": [
            "CC(=O)[O-].[Cu+2]"
        ],
        "predicted_reactants": [
            "Nn1cnnc1",
            "OB(O)c1cccnc1"
        ],
        "predicted_reagents": [
            "CCN(CC)CC"
        ],
        "predicted_solvents": [
            "ClCCl"
        ],
        "reaction_smiles": "Nn1cnnc1.OB(O)c1cccnc1>>c1cncc(Nn2cnnc2)c1",
        "target_product": [
            [
                "c1cncc(Nn2cnnc2)c1"
            ]
        ],
        "total_volume": 500
    },
    {
        "final_product": [
            1,
            "no",
            "Brc1cc(Br)cc(N(c2cccnc2)n2cnnc2)c1",
            2
        ],
        "predicted_catalysts": [
            "CC(=O)[O-].[Cu+2]"
        ],
        "predicted_reactants": [
            "Nn1cnnc1",
            "OB(O)c1cccnc1"
        ],
        "predicted_reagents": [
            "CCN(CC)CC"
        ],
        "predicted_solvents": [
            "ClCCl"
        ],
        "reaction_smiles": "Nn1cnnc1.OB(O)c1cccnc1>>c1cncc(Nn2cnnc2)c1",
        "target_product": [
            [
                "c1cncc(Nn2cnnc2)c1"
            ]
        ],
        "total_volume": 500
    },
    {
        "final_product": [
            1,
            "no",
            "COc1ccc(C(=O)N(c2c(C)cc(C)cc2C)S(=O)(=O)c2ccccc2)cc1C(F)(F)F",
            2
        ],
        "predicted_catalysts": [
            ""
        ],
        "predicted_reactants": [
            "CC1=CC(=C(C(=C1)C)N)C",
            "O=S(=O)(Cl)c1ccccc1"
        ],
        "predicted_reagents": [
            "c1ccncc1"
        ],
        "predicted_solvents": [
            "O"
        ],
        "reaction_smiles": "CC1=CC(=C(C(=C1)C)N)C.O=S(=O)(Cl)c1ccccc1>>Cc1cc(C)c(NS(=O)(=O)c2ccccc2)c(C)c1",
        "target_product": [
            [
                "Cc1cc(C)c(NS(=O)(=O)c2ccccc2)c(C)c1"
            ]
        ],
        "total_volume": 500
    },
    {
        "final_product": [
            1,
            "no",
            "Cc1cc(C)c(N(C2CCc3ccccc32)S(=O)(=O)c2ccccc2)c(C)c1",
            2
        ],
        "predicted_catalysts": [
            ""
        ],
        "predicted_reactants": [
            "CC1=CC(=C(C(=C1)C)N)C",
            "O=S(=O)(Cl)c1ccccc1"
        ],
        "predicted_reagents": [
            "c1ccncc1"
        ],
        "predicted_solvents": [
            "O"
        ],
        "reaction_smiles": "CC1=CC(=C(C(=C1)C)N)C.O=S(=O)(Cl)c1ccccc1>>Cc1cc(C)c(NS(=O)(=O)c2ccccc2)c(C)c1",
        "target_product": [
            [
                "Cc1cc(C)c(NS(=O)(=O)c2ccccc2)c(C)c1"
            ]
        ],
        "total_volume": 500
    },
    {
        "final_product": [
            1,
            "no",
            "Cc1cc(C)c(N(c2ccc(C(F)(F)F)cn2)S(=O)(=O)c2ccccc2)c(C)c1",
            2
        ],
        "predicted_catalysts": [
            ""
        ],
        "predicted_reactants": [
            "CC1=CC(=C(C(=C1)C)N)C",
            "O=S(=O)(Cl)c1ccccc1"
        ],
        "predicted_reagents": [
            "c1ccncc1"
        ],
        "predicted_solvents": [
            "O"
        ],
        "reaction_smiles": "CC1=CC(=C(C(=C1)C)N)C.O=S(=O)(Cl)c1ccccc1>>Cc1cc(C)c(NS(=O)(=O)c2ccccc2)c(C)c1",
        "target_product": [
            [
                "Cc1cc(C)c(NS(=O)(=O)c2ccccc2)c(C)c1"
            ]
        ],
        "total_volume": 500
    },
    {
        "final_product": [
            1,
            "no",
            "Cc1cc(C)c(N(c2ccc3c(c2)OCO3)S(=O)(=O)c2ccccc2)c(C)c1",
            2
        ],
        "predicted_catalysts": [
            ""
        ],
        "predicted_reactants": [
            "CC1=CC(=C(C(=C1)C)N)C",
            "O=S(=O)(Cl)c1ccccc1"
        ],
        "predicted_reagents": [
            "c1ccncc1"
        ],
        "predicted_solvents": [
            "O"
        ],
        "reaction_smiles": "CC1=CC(=C(C(=C1)C)N)C.O=S(=O)(Cl)c1ccccc1>>Cc1cc(C)c(NS(=O)(=O)c2ccccc2)c(C)c1",
        "target_product": [
            [
                "Cc1cc(C)c(NS(=O)(=O)c2ccccc2)c(C)c1"
            ]
        ],
        "total_volume": 500
    },
    {
        "final_product": [
            1,
            "no",
            "Cc1cc(C)c(N(C(=O)c2nc(N)n[nH]2)S(=O)(=O)c2ccccc2)c(C)c1",
            2
        ],
        "predicted_catalysts": [
            ""
        ],
        "predicted_reactants": [
            "CC1=CC(=C(C(=C1)C)N)C",
            "O=S(=O)(Cl)c1ccccc1"
        ],
        "predicted_reagents": [
            "c1ccncc1"
        ],
        "predicted_solvents": [
            "O"
        ],
        "reaction_smiles": "CC1=CC(=C(C(=C1)C)N)C.O=S(=O)(Cl)c1ccccc1>>Cc1cc(C)c(NS(=O)(=O)c2ccccc2)c(C)c1",
        "target_product": [
            [
                "Cc1cc(C)c(NS(=O)(=O)c2ccccc2)c(C)c1"
            ]
        ],
        "total_volume": 500
    },
    {
        "final_product": [
            1,
            "no",
            "Cc1cc(C)c(N(C(=O)CBr)S(=O)(=O)c2ccccc2)c(C)c1",
            2
        ],
        "predicted_catalysts": [
            ""
        ],
        "predicted_reactants": [
            "CC1=CC(=C(C(=C1)C)N)C",
            "O=S(=O)(Cl)c1ccccc1"
        ],
        "predicted_reagents": [
            "c1ccncc1"
        ],
        "predicted_solvents": [
            "O"
        ],
        "reaction_smiles": "CC1=CC(=C(C(=C1)C)N)C.O=S(=O)(Cl)c1ccccc1>>Cc1cc(C)c(NS(=O)(=O)c2ccccc2)c(C)c1",
        "target_product": [
            [
                "Cc1cc(C)c(NS(=O)(=O)c2ccccc2)c(C)c1"
            ]
        ],
        "total_volume": 500
    },
    {
        "final_product": [
            1,
            "no",
            "Cc1ccc(S(=O)(=O)N(c2cc(Br)cc(Br)c2)c2ncccn2)cc1",
            2
        ],
        "predicted_catalysts": [
            ""
        ],
        "predicted_reactants": [
            "C1=CN=C(N=C1)N",
            "Fc1cc(Br)cc(Br)c1"
        ],
        "predicted_reagents": [
            "C[Si](C)(C)[N-][Si](C)(C)C.[Li+]"
        ],
        "predicted_solvents": [
            ""
        ],
        "reaction_smiles": "C1=CN=C(N=C1)N.Fc1cc(Br)cc(Br)c1>>Brc1cc(Br)cc(Nc2ncccn2)c1",
        "target_product": [
            [
                "Brc1cc(Br)cc(Nc2ncccn2)c1"
            ]
        ],
        "total_volume": 500
    },
    {
        "final_product": [
            2,
            "yes",
            "COc1ccc(N(C(=O)COC(C)=O)n2cnnc2)cc1",
            2
        ],
        "predicted_catalysts": [
            "CC(=O)[O-].[Cu+2]"
        ],
        "predicted_reactants": [
            "CC(=O)OCC(=O)Nn1cnnc1",
            "COc1ccc(B(O)O)cc1"
        ],
        "predicted_reagents": [
            "c1ccncc1"
        ],
        "predicted_solvents": [
            "ClCCl"
        ],
        "reaction_smiles": "CC(=O)OCC(=O)Nn1cnnc1.COc1ccc(B(O)O)cc1>>COc1ccc(N(C(=O)COC(C)=O)n2cnnc2)cc1",
        "target_product": [
            [
                "COc1ccc(N(C(=O)COC(C)=O)n2cnnc2)cc1"
            ]
        ],
        "total_volume": 500
    },
    {
        "final_product": [
            2,
            "yes",
            "O=C(c1ccc(O)cc1)N(c1cnc2ccccc2c1)n1cnnc1",
            2
        ],
        "predicted_catalysts": [
            ""
        ],
        "predicted_reactants": [
            "c1ccc2ncc(Nn3cnnc3)cc2c1",
            "O=C(O)c1ccc(O)cc1"
        ],
        "predicted_reagents": [
            "CN(C)c1ccncc1.CCN=C=NCCCN(C)C.Cl"
        ],
        "predicted_solvents": [
            "CN(C)C=O"
        ],
        "reaction_smiles": "c1ccc2ncc(Nn3cnnc3)cc2c1.O=C(O)c1ccc(O)cc1>>O=C(c1ccc(O)cc1)N(c1cnc2ccccc2c1)n1cnnc1",
        "target_product": [
            [
                "O=C(c1ccc(O)cc1)N(c1cnc2ccccc2c1)n1cnnc1"
            ]
        ],
        "total_volume": 500
    },
    {
        "final_product": [
            1,
            "no",
            "CS(=O)(=O)N(S(=O)(=O)c1ccccc1)S(=O)(=O)c1cccc2cccnc12",
            2
        ],
        "predicted_catalysts": [
            ""
        ],
        "predicted_reactants": [
            "CS(N)(=O)=O",
            "O=S(=O)(Cl)c1cccc2cccnc12"
        ],
        "predicted_reagents": [
            "CN(C)c1ccncc1.CCN(CC)CC"
        ],
        "predicted_solvents": [
            "CC#N"
        ],
        "reaction_smiles": "CS(N)(=O)=O.O=S(=O)(Cl)c1cccc2cccnc12>>CS(=O)(=O)NS(=O)(=O)c1cccc2cccnc12",
        "target_product": [
            [
                "CS(=O)(=O)NS(=O)(=O)c1cccc2cccnc12"
            ]
        ],
        "total_volume": 500
    },
    {
        "final_product": [
            2,
            "yes",
            "O=S(=O)(N(c1cnc2ccccc2n1)n1cnnc1)C(F)(F)F",
            2
        ],
        "predicted_catalysts": [
            ""
        ],
        "predicted_reactants": [
            "c1ccc2nc(Nn3cnnc3)cnc2c1",
            "O=S(=O)(Cl)C(F)(F)F"
        ],
        "predicted_reagents": [
            "CCN(CC)CC"
        ],
        "predicted_solvents": [
            "CN(C)C=O"
        ],
        "reaction_smiles": "c1ccc2nc(Nn3cnnc3)cnc2c1.O=S(=O)(Cl)C(F)(F)F>>O=S(=O)(N(c1cnc2ccccc2n1)n1cnnc1)C(F)(F)F",
        "target_product": [
            [
                "O=S(=O)(N(c1cnc2ccccc2n1)n1cnnc1)C(F)(F)F"
            ]
        ],
        "total_volume": 500
    },
    {
        "final_product": [
            1,
            "no",
            "COc1ncc(N(C(=O)C(C)C)n2cnnc2)cn1",
            2
        ],
        "predicted_catalysts": [
            ""
        ],
        "predicted_reactants": [
            "Nn1cnnc1",
            "CC(C)C(=O)O"
        ],
        "predicted_reagents": [
            "CCN=C=NCCCN(C)C.Cl"
        ],
        "predicted_solvents": [
            "ClCCl"
        ],
        "reaction_smiles": "Nn1cnnc1.CC(C)C(=O)O>>CC(C)C(=O)Nn1cnnc1",
        "target_product": [
            [
                "CC(C)C(=O)Nn1cnnc1"
            ]
        ],
        "total_volume": 500
    },
    {
        "final_product": [
            1,
            "no",
            "CC(C)C(=O)N(c1ccc(C#N)cc1)n1cnnc1",
            2
        ],
        "predicted_catalysts": [
            ""
        ],
        "predicted_reactants": [
            "Nn1cnnc1",
            "CC(C)C(=O)O"
        ],
        "predicted_reagents": [
            "CCN=C=NCCCN(C)C.Cl"
        ],
        "predicted_solvents": [
            "ClCCl"
        ],
        "reaction_smiles": "Nn1cnnc1.CC(C)C(=O)O>>CC(C)C(=O)Nn1cnnc1",
        "target_product": [
            [
                "CC(C)C(=O)Nn1cnnc1"
            ]
        ],
        "total_volume": 500
    },
    {
        "final_product": [
            2,
            "yes",
            "c1ccc(-c2ccc(N(c3ccsc3)n3cnnc3)cc2)cc1",
            2
        ],
        "predicted_catalysts": [
            "CC(=O)[O-].[Cu+]"
        ],
        "predicted_reactants": [
            "c1cc(Nn2cnnc2)cs1",
            "OB(O)c1ccc(-c2ccccc2)cc1"
        ],
        "predicted_reagents": [
            "c1ccncc1"
        ],
        "predicted_solvents": [
            "ClCCl"
        ],
        "reaction_smiles": "c1cc(Nn2cnnc2)cs1.OB(O)c1ccc(-c2ccccc2)cc1>>c1ccc(-c2ccc(N(c3ccsc3)n3cnnc3)cc2)cc1",
        "target_product": [
            [
                "c1ccc(-c2ccc(N(c3ccsc3)n3cnnc3)cc2)cc1"
            ]
        ],
        "total_volume": 500
    },
    {
        "final_product": [
            2,
            "yes",
            "Cc1ccc(N(C(=O)N(C)C)n2cnnc2)cc1",
            2
        ],
        "predicted_catalysts": [
            ""
        ],
        "predicted_reactants": [
            "Cc1ccc(Nn2cnnc2)cc1",
            "CN(C)C(=O)Cl"
        ],
        "predicted_reagents": [
            "c1ccncc1"
        ],
        "predicted_solvents": [
            ""
        ],
        "reaction_smiles": "Cc1ccc(Nn2cnnc2)cc1.CN(C)C(=O)Cl>>Cc1ccc(N(C(=O)N(C)C)n2cnnc2)cc1",
        "target_product": [
            [
                "Cc1ccc(N(C(=O)N(C)C)n2cnnc2)cc1"
            ]
        ],
        "total_volume": 500
    },
    {
        "final_product": [
            2,
            "yes",
            "CCOC(=O)N(c1ccc([N+](=O)[O-])cc1)c1ccccc1-c1ccccc1",
            2
        ],
        "predicted_catalysts": [
            ""
        ],
        "predicted_reactants": [
            "O=[N+]([O-])c1ccc(Nc2ccccc2-c2ccccc2)cc1",
            "CCOC(=O)Cl"
        ],
        "predicted_reagents": [
            "c1ccncc1"
        ],
        "predicted_solvents": [
            ""
        ],
        "reaction_smiles": "O=[N+]([O-])c1ccc(Nc2ccccc2-c2ccccc2)cc1.CCOC(=O)Cl>>CCOC(=O)N(c1ccc([N+](=O)[O-])cc1)c1ccccc1-c1ccccc1",
        "target_product": [
            [
                "CCOC(=O)N(c1ccc([N+](=O)[O-])cc1)c1ccccc1-c1ccccc1"
            ]
        ],
        "total_volume": 500
    },
    {
        "final_product": [
            1,
            "no",
            "O=[N+]([O-])c1cnc(N(c2ccsc2)S(=O)(=O)c2ccc(-c3ccc4c(c3)OCO4)cc2)nc1",
            3
        ],
        "predicted_catalysts": [
            "CC(=O)[O-].[Cu+2]"
        ],
        "predicted_reactants": [
            "B(C1=CSC=C1)(O)O",
            "Nc1ncc([N+](=O)[O-])cn1"
        ],
        "predicted_reagents": [
            "c1ccncc1"
        ],
        "predicted_solvents": [
            "ClCCl"
        ],
        "reaction_smiles": "B(C1=CSC=C1)(O)O.Nc1ncc([N+](=O)[O-])cn1>>O=[N+]([O-])c1cnc(Nc2ccsc2)nc1",
        "target_product": [
            [
                "O=[N+]([O-])c1cnc(Nc2ccsc2)nc1"
            ]
        ],
        "total_volume": 500
    },
    {
        "final_product": [
            2,
            "yes",
            "O=C(Oc1ccccc1)N(c1cc(Br)cc(Br)c1)n1cnnc1",
            2
        ],
        "predicted_catalysts": [
            ""
        ],
        "predicted_reactants": [
            "Brc1cc(Br)cc(Nn2cnnc2)c1",
            "O=C(Cl)Oc1ccccc1"
        ],
        "predicted_reagents": [
            "[H-].[Na+]"
        ],
        "predicted_solvents": [
            "CN(C)C=O"
        ],
        "reaction_smiles": "Brc1cc(Br)cc(Nn2cnnc2)c1.O=C(Cl)Oc1ccccc1>>O=C(Oc1ccccc1)N(c1cc(Br)cc(Br)c1)n1cnnc1",
        "target_product": [
            [
                "O=C(Oc1ccccc1)N(c1cc(Br)cc(Br)c1)n1cnnc1"
            ]
        ],
        "total_volume": 500
    },
    {
        "final_product": [
            1,
            "no",
            "N#CN(S(=O)(=O)c1ccccc1)S(=O)(=O)C(F)(F)F",
            2
        ],
        "predicted_catalysts": [
            ""
        ],
        "predicted_reactants": [
            "N#CN",
            "O=S(=O)(Cl)C(F)(F)F"
        ],
        "predicted_reagents": [
            ""
        ],
        "predicted_solvents": [
            ""
        ],
        "reaction_smiles": "N#CN.O=S(=O)(Cl)C(F)(F)F>>N#CNS(=O)(=O)C(F)(F)F",
        "target_product": [
            [
                "N#CNS(=O)(=O)C(F)(F)F"
            ]
        ],
        "total_volume": 500
    },
    {
        "final_product": [
            2,
            "yes",
            "O=[N+]([O-])c1ccc(N(c2cc3ccccc3o2)n2cnnc2)nc1",
            2
        ],
        "predicted_catalysts": [
            ""
        ],
        "predicted_reactants": [
            "O=[N+]([O-])c1ccc(Nn2cnnc2)nc1",
            "OB(O)c1cc2ccccc2o1"
        ],
        "predicted_reagents": [
            "CCN(CC)CC"
        ],
        "predicted_solvents": [
            "ClCCl"
        ],
        "reaction_smiles": "O=[N+]([O-])c1ccc(Nn2cnnc2)nc1.OB(O)c1cc2ccccc2o1>>O=[N+]([O-])c1ccc(N(c2cc3ccccc3o2)n2cnnc2)nc1",
        "target_product": [
            [
                "O=[N+]([O-])c1ccc(N(c2cc3ccccc3o2)n2cnnc2)nc1"
            ]
        ],
        "total_volume": 500
    },
    {
        "final_product": [
            2,
            "no",
            "CC(C)(C)c1ccc(S(=O)(=O)N(c2ccc(-c3ccccc3)cc2)c2ccsc2)cc1",
            3
        ],
        "predicted_catalysts": [
            "CC(=O)[O-].[Cu+2]"
        ],
        "predicted_reactants": [
            "Nc1ccc(-c2ccccc2)cc1",
            "OB(O)c1ccsc1"
        ],
        "predicted_reagents": [
            "c1ccncc1"
        ],
        "predicted_solvents": [
            "ClCCl"
        ],
        "reaction_smiles": "Nc1ccc(-c2ccccc2)cc1.OB(O)c1ccsc1>>c1ccc(-c2ccc(Nc3ccsc3)cc2)cc1",
        "target_product": [
            [
                "c1ccc(-c2ccc(Nc3ccsc3)cc2)cc1"
            ]
        ],
        "total_volume": 500
    },
    {
        "final_product": [
            2,
            "yes",
            "O=[N+]([O-])c1cccc(N(c2cnc3ccccc3n2)n2cnnc2)c1",
            2
        ],
        "predicted_catalysts": [
            "CC(=O)[O-].[Cu+2]"
        ],
        "predicted_reactants": [
            "c1ccc2nc(Nn3cnnc3)cnc2c1",
            "O=[N+]([O-])c1cccc(B(O)O)c1"
        ],
        "predicted_reagents": [
            "c1ccncc1"
        ],
        "predicted_solvents": [
            "ClCCl"
        ],
        "reaction_smiles": "c1ccc2nc(Nn3cnnc3)cnc2c1.O=[N+]([O-])c1cccc(B(O)O)c1>>O=[N+]([O-])c1cccc(N(c2cnc3ccccc3n2)n2cnnc2)c1",
        "target_product": [
            [
                "O=[N+]([O-])c1cccc(N(c2cnc3ccccc3n2)n2cnnc2)c1"
            ]
        ],
        "total_volume": 500
    },
    {
        "final_product": [
            2,
            "yes",
            "Cc1ccc(N(c2ccc3c(c2)OCO3)n2cnnc2)cc1",
            2
        ],
        "predicted_catalysts": [
            "CC(=O)[O-].[Cu+2]"
        ],
        "predicted_reactants": [
            "Cc1ccc(Nn2cnnc2)cc1",
            "OB(O)c1ccc2c(c1)OCO2"
        ],
        "predicted_reagents": [
            "c1ccncc1"
        ],
        "predicted_solvents": [
            "ClCCl"
        ],
        "reaction_smiles": "Cc1ccc(Nn2cnnc2)cc1.OB(O)c1ccc2c(c1)OCO2>>Cc1ccc(N(c2ccc3c(c2)OCO3)n2cnnc2)cc1",
        "target_product": [
            [
                "Cc1ccc(N(c2ccc3c(c2)OCO3)n2cnnc2)cc1"
            ]
        ],
        "total_volume": 500
    },
    {
        "final_product": [
            2,
            "yes",
            "O=C(CO)N(C(c1ccccc1)c1ccccc1)n1cnnc1",
            2
        ],
        "predicted_catalysts": [
            ""
        ],
        "predicted_reactants": [
            "c1ccc(C(Nn2cnnc2)c2ccccc2)cc1",
            "O=C(O)CO"
        ],
        "predicted_reagents": [
            "On1nnc2ccccc21.CCN=C=NCCCN(C)C.Cl"
        ],
        "predicted_solvents": [
            "CN(C)C=O.CN(C)P(=O)(F)N(C)C"
        ],
        "reaction_smiles": "c1ccc(C(Nn2cnnc2)c2ccccc2)cc1.O=C(O)CO>>O=C(CO)N(C(c1ccccc1)c1ccccc1)n1cnnc1",
        "target_product": [
            [
                "O=C(CO)N(C(c1ccccc1)c1ccccc1)n1cnnc1"
            ]
        ],
        "total_volume": 500
    },
    {
        "final_product": [
            2,
            "yes",
            "COc1ccc(N(C(=O)CCCBr)n2cnnc2)cc1OC",
            2
        ],
        "predicted_catalysts": [
            ""
        ],
        "predicted_reactants": [
            "COc1ccc(Nn2cnnc2)cc1OC",
            "O=C(Cl)CCCBr"
        ],
        "predicted_reagents": [
            "O=C([O-])[O-].[K+]"
        ],
        "predicted_solvents": [
            "ClCCl"
        ],
        "reaction_smiles": "COc1ccc(Nn2cnnc2)cc1OC.O=C(Cl)CCCBr>>COc1ccc(N(C(=O)CCCBr)n2cnnc2)cc1OC",
        "target_product": [
            [
                "COc1ccc(N(C(=O)CCCBr)n2cnnc2)cc1OC"
            ]
        ],
        "total_volume": 500
    },
    {
        "final_product": [
            2,
            "yes",
            "O=Cc1ccc(N(n2cnnc2)S(=O)(=O)c2ccccc2)c([N+](=O)[O-])c1",
            2
        ],
        "predicted_catalysts": [
            ""
        ],
        "predicted_reactants": [
            "O=Cc1ccc(Nn2cnnc2)c([N+](=O)[O-])c1",
            "O=S(=O)(Cl)c1ccccc1"
        ],
        "predicted_reagents": [
            "O=C([O-])[O-].[K+]"
        ],
        "predicted_solvents": [
            "CN(C)C=O"
        ],
        "reaction_smiles": "O=Cc1ccc(Nn2cnnc2)c([N+](=O)[O-])c1.O=S(=O)(Cl)c1ccccc1>>O=Cc1ccc(N(n2cnnc2)S(=O)(=O)c2ccccc2)c([N+](=O)[O-])c1",
        "target_product": [
            [
                "O=Cc1ccc(N(n2cnnc2)S(=O)(=O)c2ccccc2)c([N+](=O)[O-])c1"
            ]
        ],
        "total_volume": 500
    },
    {
        "final_product": [
            2,
            "yes",
            "O=[N+]([O-])c1cc(CNc2ccncc2Cl)ccc1N(n1cnnc1)S(=O)(=O)c1ccccc1",
            3
        ],
        "predicted_catalysts": [
            ""
        ],
        "predicted_reactants": [
            "O=Cc1ccc(Nn2cnnc2)c([N+](=O)[O-])c1",
            "O=S(=O)(Cl)c1ccccc1"
        ],
        "predicted_reagents": [
            "O=C([O-])[O-].[K+]"
        ],
        "predicted_solvents": [
            "CN(C)C=O"
        ],
        "reaction_smiles": "O=Cc1ccc(Nn2cnnc2)c([N+](=O)[O-])c1.O=S(=O)(Cl)c1ccccc1>>O=Cc1ccc(N(n2cnnc2)S(=O)(=O)c2ccccc2)c([N+](=O)[O-])c1",
        "target_product": [
            [
                "O=Cc1ccc(N(n2cnnc2)S(=O)(=O)c2ccccc2)c([N+](=O)[O-])c1"
            ]
        ],
        "total_volume": 500
    }
]