[
    {
        "final_product": [
            1,
            "no",
            "O=[N+]([O-])c1ccc(N(c2cc3ccccc3o2)c2c(Cl)cccc2Cl)cc1",
            2
        ],
        "predicted_catalysts": [
            ""
        ],
        "predicted_reactants": [
            "O=[N+]([O-])c1ccc(F)cc1",
            "Nc1c(Cl)cccc1Cl"
        ],
        "predicted_reagents": [
            "CC(C)(C)[O-].[K+]"
        ],
        "predicted_solvents": [
            "CS(C)=O"
        ],
        "reaction_smiles": "O=[N+]([O-])c1ccc(F)cc1.Nc1c(Cl)cccc1Cl>>O=[N+]([O-])c1ccc(Nc2c(Cl)cccc2Cl)cc1",
        "target_product": [
            [
                "O=[N+]([O-])c1ccc(Nc2c(Cl)cccc2Cl)cc1"
            ]
        ],
        "total_volume": 500
    },
    {
        "final_product": [
            1,
            "no",
            "CC(C)(C)c1ccc(S(=O)(=O)N(c2ccc([N+](=O)[O-])cc2)c2c(Cl)cccc2Cl)cc1",
            2
        ],
        "predicted_catalysts": [
            ""
        ],
        "predicted_reactants": [
            "O=[N+]([O-])c1ccc(F)cc1",
            "Nc1c(Cl)cccc1Cl"
        ],
        "predicted_reagents": [
            "CC(C)(C)[O-].[K+]"
        ],
        "predicted_solvents": [
            "CS(C)=O"
        ],
        "reaction_smiles": "O=[N+]([O-])c1ccc(F)cc1.Nc1c(Cl)cccc1Cl>>O=[N+]([O-])c1ccc(Nc2c(Cl)cccc2Cl)cc1",
        "target_product": [
            [
                "O=[N+]([O-])c1ccc(Nc2c(Cl)cccc2Cl)cc1"
            ]
        ],
        "total_volume": 500
    },
    {
        "final_product": [
            2,
            "yes",
            "COc1ccc(N(c2c(C)noc2C)n2cnnc2)cc1",
            2
        ],
        "predicted_catalysts": [
            ""
        ],
        "predicted_reactants": [
            "COc1ccc(Nn2cnnc2)cc1",
            "Cc1noc(C)c1B(O)O"
        ],
        "predicted_reagents": [
            "O=O"
        ],
        "predicted_solvents": [
            "CN(C)C=O"
        ],
        "reaction_smiles": "COc1ccc(Nn2cnnc2)cc1.Cc1noc(C)c1B(O)O>>COc1ccc(N(c2c(C)noc2C)n2cnnc2)cc1",
        "target_product": [
            [
                "COc1ccc(N(c2c(C)noc2C)n2cnnc2)cc1"
            ]
        ],
        "total_volume": 500
    },
    {
        "final_product": [
            1,
            "no",
            "CC(C)(C)N(S(C)(=O)=O)S(=O)(=O)c1cccc(Br)c1",
            2
        ],
        "predicted_catalysts": [
            ""
        ],
        "predicted_reactants": [
            "CC(C)(C)O",
            "CS(N)(=O)=O"
        ],
        "predicted_reagents": [
            "O=S(=O)(O)O"
        ],
        "predicted_solvents": [
            ""
        ],
        "reaction_smiles": "CC(C)(C)O.CS(N)(=O)=O>>CC(C)(C)NS(C)(=O)=O",
        "target_product": [
            [
                "CC(C)(C)NS(C)(=O)=O"
            ]
        ],
        "total_volume": 500
    },
    {
        "final_product": [
            1,
            "no",
            "CC(C)(C)c1ccc(S(=O)(=O)N(C#N)c2cnc3ccccc3n2)cc1",
            2
        ],
        "predicted_catalysts": [
            ""
        ],
        "predicted_reactants": [
            "N#CN",
            "Clc1cnc2ccccc2n1"
        ],
        "predicted_reagents": [
            "CCN(CC)CC"
        ],
        "predicted_solvents": [
            "CN(C)C=O"
        ],
        "reaction_smiles": "N#CN.Clc1cnc2ccccc2n1>>N#CNc1cnc2ccccc2n1",
        "target_product": [
            [
                "N#CNc1cnc2ccccc2n1"
            ]
        ],
        "total_volume": 500
    },
    {
        "final_product": [
            2,
            "yes",
            "COC(=O)c1nc(N)ccc1N(c1ccc([N+](=O)[O-])cc1)C(C)c1ccccc1",
            2
        ],
        "predicted_catalysts": [
            ""
        ],
        "predicted_reactants": [
            "CC(Nc1ccc([N+](=O)[O-])cc1)c1ccccc1",
            "COC(=O)c1nc(N)ccc1Cl"
        ],
        "predicted_reagents": [
            "O=C([O-])[O-].[Cs+]"
        ],
        "predicted_solvents": [
            "C1COCCO1.CC#N"
        ],
        "reaction_smiles": "CC(Nc1ccc([N+](=O)[O-])cc1)c1ccccc1.COC(=O)c1nc(N)ccc1Cl>>COC(=O)c1nc(N)ccc1N(c1ccc([N+](=O)[O-])cc1)C(C)c1ccccc1",
        "target_product": [
            [
                "COC(=O)c1nc(N)ccc1N(c1ccc([N+](=O)[O-])cc1)C(C)c1ccccc1"
            ]
        ],
        "total_volume": 500
    },
    {
        "final_product": [
            1,
            "no",
            "Cn1nnc(N(c2ccsc2)S(=O)(=O)c2ccccc2)n1",
            2
        ],
        "predicted_catalysts": [
            "CC(=O)[O-].[Cu+2]"
        ],
        "predicted_reactants": [
            "B(C1=CSC=C1)(O)O",
            "Cn1nnc(N)n1"
        ],
        "predicted_reagents": [
            "c1ccc(-c2ccccn2)nc1"
        ],
        "predicted_solvents": [
            "C1CCOC1"
        ],
        "reaction_smiles": "B(C1=CSC=C1)(O)O.Cn1nnc(N)n1>>Cn1nnc(Nc2ccsc2)n1",
        "target_product": [
            [
                "Cn1nnc(Nc2ccsc2)n1"
            ]
        ],
        "total_volume": 500
    },
    {
        "final_product": [
            2,
            "yes",
            "O=[N+]([O-])c1ccc(N(c2ccsc2)n2cnnc2)cc1",
            2
        ],
        "predicted_catalysts": [
            ""
        ],
        "predicted_reactants": [
            "c1cc(Nn2cnnc2)cs1",
            "O=[N+]([O-])c1ccc(Cl)cc1"
        ],
        "predicted_reagents": [
            "O=C([O-])[O-].[K+]"
        ],
        "predicted_solvents": [
            "CS(C)=O"
        ],
        "reaction_smiles": "c1cc(Nn2cnnc2)cs1.O=[N+]([O-])c1ccc(Cl)cc1>>O=[N+]([O-])c1ccc(N(c2ccsc2)n2cnnc2)cc1",
        "target_product": [
            [
                "O=[N+]([O-])c1ccc(N(c2ccsc2)n2cnnc2)cc1"
            ]
        ],
        "total_volume": 500
    },
    {
        "final_product": [
            1,
            "no",
            "O=C(O)CCC(=O)Nc1ccc(N(n2cnnc2)S(=O)(=O)c2cccc(Br)c2)cc1",
            2
        ],
        "predicted_catalysts": [
            "CC(=O)[O-].[Cu+2]"
        ],
        "predicted_reactants": [
            "Nn1cnnc1",
            "O=C(O)CCC(=O)Nc1ccc(B(O)O)cc1"
        ],
        "predicted_reagents": [
            "O=O"
        ],
        "predicted_solvents": [
            "CS(C)=O.O"
        ],
        "reaction_smiles": "Nn1cnnc1.O=C(O)CCC(=O)Nc1ccc(B(O)O)cc1>>O=C(O)CCC(=O)Nc1ccc(Nn2cnnc2)cc1",
        "target_product": [
            [
                "O=C(O)CCC(=O)Nc1ccc(Nn2cnnc2)cc1"
            ]
        ],
        "total_volume": 500
    },
    {
        "final_product": [
            1,
            "no",
            "CC(C)(C)OC(=O)n1cccc1N(c1ccc([N+](=O)[O-])cc1)n1cnnc1",
            2
        ],
        "predicted_catalysts": [
            ""
        ],
        "predicted_reactants": [
            "O=[N+]([O-])c1ccc(F)cc1",
            "Nn1cnnc1"
        ],
        "predicted_reagents": [
            "CS(C)=O.[H-].[Na+]"
        ],
        "predicted_solvents": [
            ""
        ],
        "reaction_smiles": "O=[N+]([O-])c1ccc(F)cc1.Nn1cnnc1>>O=[N+]([O-])c1ccc(Nn2cnnc2)cc1",
        "target_product": [
            [
                "O=[N+]([O-])c1ccc(Nn2cnnc2)cc1"
            ]
        ],
        "total_volume": 500
    },
    {
        "final_product": [
            1,
            "no",
            "O=C(c1cc(F)c(F)cc1F)N(c1ccc([N+](=O)[O-])cc1)n1cnnc1",
            2
        ],
        "predicted_catalysts": [
            ""
        ],
        "predicted_reactants": [
            "O=[N+]([O-])c1ccc(F)cc1",
            "Nn1cnnc1"
        ],
        "predicted_reagents": [
            "CS(C)=O.[H-].[Na+]"
        ],
        "predicted_solvents": [
            ""
        ],
        "reaction_smiles": "O=[N+]([O-])c1ccc(F)cc1.Nn1cnnc1>>O=[N+]([O-])c1ccc(Nn2cnnc2)cc1",
        "target_product": [
            [
                "O=[N+]([O-])c1ccc(Nn2cnnc2)cc1"
            ]
        ],
        "total_volume": 500
    },
    {
        "final_product": [
            2,
            "yes",
            "Cc1ccc(N(c2ccc(C#N)cc2)n2cnnc2)cc1",
            2
        ],
        "predicted_catalysts": [
            ""
        ],
        "predicted_reactants": [
            "Cc1ccc(Nn2cnnc2)cc1",
            "N#Cc1ccc(Cl)cc1"
        ],
        "predicted_reagents": [
            "O=C([O-])[O-].[K+]"
        ],
        "predicted_solvents": [
            "CS(C)=O"
        ],
        "reaction_smiles": "Cc1ccc(Nn2cnnc2)cc1.N#Cc1ccc(Cl)cc1>>Cc1ccc(N(c2ccc(C#N)cc2)n2cnnc2)cc1",
        "target_product": [
            [
                "Cc1ccc(N(c2ccc(C#N)cc2)n2cnnc2)cc1"
            ]
        ],
        "total_volume": 500
    },
    {
        "final_product": [
            2,
            "yes",
            "CS(=O)(=O)Nc1ccc(N(c2cnc3ccccc3n2)n2cnnc2)cc1",
            2
        ],
        "predicted_catalysts": [
            ""
        ],
        "predicted_reactants": [
            "c1ccc2nc(Nn3cnnc3)cnc2c1",
            "CS(=O)(=O)Nc1ccc(B(O)O)cc1"
        ],
        "predicted_reagents": [
            "CCN(C(C)C)C(C)C.CCCP1(=O)OP(=O)(CCC)OP(=O)(CCC)O1"
        ],
        "predicted_solvents": [
            "ClCCCl"
        ],
        "reaction_smiles": "c1ccc2nc(Nn3cnnc3)cnc2c1.CS(=O)(=O)Nc1ccc(B(O)O)cc1>>CS(=O)(=O)Nc1ccc(N(c2cnc3ccccc3n2)n2cnnc2)cc1",
        "target_product": [
            [
                "CS(=O)(=O)Nc1ccc(N(c2cnc3ccccc3n2)n2cnnc2)cc1"
            ]
        ],
        "total_volume": 500
    },
    {
        "final_product": [
            2,
            "yes",
            "COc1ccc(N(C(c2ccccc2)c2ccccc2)n2cnnc2)cc1",
            2
        ],
        "predicted_catalysts": [
            "CC(=O)[O-].[Cu+]"
        ],
        "predicted_reactants": [
            "c1ccc(C(Nn2cnnc2)c2ccccc2)cc1",
            "COc1ccc(B(O)O)cc1"
        ],
        "predicted_reagents": [
            "c1ccncc1"
        ],
        "predicted_solvents": [
            "Cc1ccccc1"
        ],
        "reaction_smiles": "c1ccc(C(Nn2cnnc2)c2ccccc2)cc1.COc1ccc(B(O)O)cc1>>COc1ccc(N(C(c2ccccc2)c2ccccc2)n2cnnc2)cc1",
        "target_product": [
            [
                "COc1ccc(N(C(c2ccccc2)c2ccccc2)n2cnnc2)cc1"
            ]
        ],
        "total_volume": 500
    },
    {
        "final_product": [
            1,
            "no",
            "O=[N+]([O-])c1ccc(N(c2cc3ccccc3o2)S(=O)(=O)C(F)(F)F)cc1",
            2
        ],
        "predicted_catalysts": [
            ""
        ],
        "predicted_reactants": [
            "O=[N+]([O-])c1ccc(F)cc1",
            "NS(=O)(=O)C(F)(F)F"
        ],
        "predicted_reagents": [
            "O=C([O-])[O-].[K+]"
        ],
        "predicted_solvents": [
            "CS(C)=O"
        ],
        "reaction_smiles": "O=[N+]([O-])c1ccc(F)cc1.NS(=O)(=O)C(F)(F)F>>O=[N+]([O-])c1ccc(NS(=O)(=O)C(F)(F)F)cc1",
        "target_product": [
            [
                "O=[N+]([O-])c1ccc(NS(=O)(=O)C(F)(F)F)cc1"
            ]
        ],
        "total_volume": 500
    },
    {
        "final_product": [
            1,
            "no",
            "O=[N+]([O-])c1ccc(N(S(=O)(=O)c2cccc3cccnc23)S(=O)(=O)C(F)(F)F)cc1",
            2
        ],
        "predicted_catalysts": [
            ""
        ],
        "predicted_reactants": [
            "O=[N+]([O-])c1ccc(F)cc1",
            "NS(=O)(=O)C(F)(F)F"
        ],
        "predicted_reagents": [
            "O=C([O-])[O-].[K+]"
        ],
        "predicted_solvents": [
            "CS(C)=O"
        ],
        "reaction_smiles": "O=[N+]([O-])c1ccc(F)cc1.NS(=O)(=O)C(F)(F)F>>O=[N+]([O-])c1ccc(NS(=O)(=O)C(F)(F)F)cc1",
        "target_product": [
            [
                "O=[N+]([O-])c1ccc(NS(=O)(=O)C(F)(F)F)cc1"
            ]
        ],
        "total_volume": 500
    },
    {
        "final_product": [
            1,
            "no",
            "O=[N+]([O-])c1ccc(N(c2ccccc2[N+](=O)[O-])S(=O)(=O)C(F)(F)F)cc1",
            2
        ],
        "predicted_catalysts": [
            ""
        ],
        "predicted_reactants": [
            "O=[N+]([O-])c1ccc(F)cc1",
            "NS(=O)(=O)C(F)(F)F"
        ],
        "predicted_reagents": [
            "O=C([O-])[O-].[K+]"
        ],
        "predicted_solvents": [
            "CS(C)=O"
        ],
        "reaction_smiles": "O=[N+]([O-])c1ccc(F)cc1.NS(=O)(=O)C(F)(F)F>>O=[N+]([O-])c1ccc(NS(=O)(=O)C(F)(F)F)cc1",
        "target_product": [
            [
                "O=[N+]([O-])c1ccc(NS(=O)(=O)C(F)(F)F)cc1"
            ]
        ],
        "total_volume": 500
    },
    {
        "final_product": [
            1,
            "no",
            "O=[N+]([O-])c1ccc(N(c2ccccc2CO)S(=O)(=O)C(F)(F)F)cc1",
            2
        ],
        "predicted_catalysts": [
            ""
        ],
        "predicted_reactants": [
            "O=[N+]([O-])c1ccc(F)cc1",
            "NS(=O)(=O)C(F)(F)F"
        ],
        "predicted_reagents": [
            "O=C([O-])[O-].[K+]"
        ],
        "predicted_solvents": [
            "CS(C)=O"
        ],
        "reaction_smiles": "O=[N+]([O-])c1ccc(F)cc1.NS(=O)(=O)C(F)(F)F>>O=[N+]([O-])c1ccc(NS(=O)(=O)C(F)(F)F)cc1",
        "target_product": [
            [
                "O=[N+]([O-])c1ccc(NS(=O)(=O)C(F)(F)F)cc1"
            ]
        ],
        "total_volume": 500
    },
    {
        "final_product": [
            2,
            "yes",
            "c1ccc(N(c2cc3ccccc3o2)n2cnnc2)cc1",
            2
        ],
        "predicted_catalysts": [
            "CC(=O)[O-].[Cu+]"
        ],
        "predicted_reactants": [
            "c1ccc2oc(Nn3cnnc3)cc2c1",
            "OB(O)c1ccccc1"
        ],
        "predicted_reagents": [
            "c1ccncc1"
        ],
        "predicted_solvents": [
            "ClCCCl"
        ],
        "reaction_smiles": "c1ccc2oc(Nn3cnnc3)cc2c1.OB(O)c1ccccc1>>c1ccc(N(c2cc3ccccc3o2)n2cnnc2)cc1",
        "target_product": [
            [
                "c1ccc(N(c2cc3ccccc3o2)n2cnnc2)cc1"
            ]
        ],
        "total_volume": 500
    },
    {
        "final_product": [
            1,
            "no",
            "CC(=O)OCC(=O)N(c1cccnc1)n1cnnc1",
            2
        ],
        "predicted_catalysts": [
            ""
        ],
        "predicted_reactants": [
            "Nn1cnnc1",
            "CC(=O)OCC(=O)O"
        ],
        "predicted_reagents": [
            "O=C(N1C=CN=C1)N1C=CN=C1"
        ],
        "predicted_solvents": [
            ""
        ],
        "reaction_smiles": "Nn1cnnc1.CC(=O)OCC(=O)O>>CC(=O)OCC(=O)Nn1cnnc1",
        "target_product": [
            [
                "CC(=O)OCC(=O)Nn1cnnc1"
            ]
        ],
        "total_volume": 500
    },
    {
        "final_product": [
            1,
            "no",
            "COc1ccc(N(C(=O)COC(C)=O)n2cnnc2)cc1",
            2
        ],
        "predicted_catalysts": [
            ""
        ],
        "predicted_reactants": [
            "Nn1cnnc1",
            "CC(=O)OCC(=O)O"
        ],
        "predicted_reagents": [
            "O=C(N1C=CN=C1)N1C=CN=C1"
        ],
        "predicted_solvents": [
            ""
        ],
        "reaction_smiles": "Nn1cnnc1.CC(=O)OCC(=O)O>>CC(=O)OCC(=O)Nn1cnnc1",
        "target_product": [
            [
                "CC(=O)OCC(=O)Nn1cnnc1"
            ]
        ],
        "total_volume": 500
    },
    {
        "final_product": [
            1,
            "no",
            "CC(=O)OCC(=O)N(c1cc2ccccc2o1)n1cnnc1",
            2
        ],
        "predicted_catalysts": [
            ""
        ],
        "predicted_reactants": [
            "Nn1cnnc1",
            "CC(=O)OCC(=O)O"
        ],
        "predicted_reagents": [
            "O=C(N1C=CN=C1)N1C=CN=C1"
        ],
        "predicted_solvents": [
            ""
        ],
        "reaction_smiles": "Nn1cnnc1.CC(=O)OCC(=O)O>>CC(=O)OCC(=O)Nn1cnnc1",
        "target_product": [
            [
                "CC(=O)OCC(=O)Nn1cnnc1"
            ]
        ],
        "total_volume": 500
    },
    {
        "final_product": [
            1,
            "no",
            "O=[N+]([O-])c1ccc(N(Cc2ccc(Cl)cc2)c2ccccc2-c2ccccc2)cc1",
            2
        ],
        "predicted_catalysts": [
            ""
        ],
        "predicted_reactants": [
            "O=[N+]([O-])c1ccc(F)cc1",
            "Nc1ccccc1-c1ccccc1"
        ],
        "predicted_reagents": [
            "CC(C)(C)[O-].[K+]"
        ],
        "predicted_solvents": [
            "CS(C)=O"
        ],
        "reaction_smiles": "O=[N+]([O-])c1ccc(F)cc1.Nc1ccccc1-c1ccccc1>>O=[N+]([O-])c1ccc(Nc2ccccc2-c2ccccc2)cc1",
        "target_product": [
            [
                "O=[N+]([O-])c1ccc(Nc2ccccc2-c2ccccc2)cc1"
            ]
        ],
        "total_volume": 500
    },
    {
        "final_product": [
            1,
            "no",
            "Cc1ccc(S(=O)(=O)N(c2ccc([N+](=O)[O-])cc2)c2ccccc2-c2ccccc2)cc1",
            2
        ],
        "predicted_catalysts": [
            ""
        ],
        "predicted_reactants": [
            "O=[N+]([O-])c1ccc(F)cc1",
            "Nc1ccccc1-c1ccccc1"
        ],
        "predicted_reagents": [
            "CC(C)(C)[O-].[K+]"
        ],
        "predicted_solvents": [
            "CS(C)=O"
        ],
        "reaction_smiles": "O=[N+]([O-])c1ccc(F)cc1.Nc1ccccc1-c1ccccc1>>O=[N+]([O-])c1ccc(Nc2ccccc2-c2ccccc2)cc1",
        "target_product": [
            [
                "O=[N+]([O-])c1ccc(Nc2ccccc2-c2ccccc2)cc1"
            ]
        ],
        "total_volume": 500
    },
    {
        "final_product": [
            1,
            "no",
            "O=[N+]([O-])c1ccc(N(c2ccccc2-c2ccccc2)S(=O)(=O)c2cccs2)cc1",
            2
        ],
        "predicted_catalysts": [
            ""
        ],
        "predicted_reactants": [
            "O=[N+]([O-])c1ccc(F)cc1",
            "Nc1ccccc1-c1ccccc1"
        ],
        "predicted_reagents": [
            "CC(C)(C)[O-].[K+]"
        ],
        "predicted_solvents": [
            "CS(C)=O"
        ],
        "reaction_smiles": "O=[N+]([O-])c1ccc(F)cc1.Nc1ccccc1-c1ccccc1>>O=[N+]([O-])c1ccc(Nc2ccccc2-c2ccccc2)cc1",
        "target_product": [
            [
                "O=[N+]([O-])c1ccc(Nc2ccccc2-c2ccccc2)cc1"
            ]
        ],
        "total_volume": 500
    },
    {
        "final_product": [
            1,
            "no",
            "CCOC(=O)N(c1ccc([N+](=O)[O-])cc1)c1ccccc1-c1ccccc1",
            2
        ],
        "predicted_catalysts": [
            ""
        ],
        "predicted_reactants": [
            "O=[N+]([O-])c1ccc(F)cc1",
            "Nc1ccccc1-c1ccccc1"
        ],
        "predicted_reagents": [
            "CC(C)(C)[O-].[K+]"
        ],
        "predicted_solvents": [
            "CS(C)=O"
        ],
        "reaction_smiles": "O=[N+]([O-])c1ccc(F)cc1.Nc1ccccc1-c1ccccc1>>O=[N+]([O-])c1ccc(Nc2ccccc2-c2ccccc2)cc1",
        "target_product": [
            [
                "O=[N+]([O-])c1ccc(Nc2ccccc2-c2ccccc2)cc1"
            ]
        ],
        "total_volume": 500
    },
    {
        "final_product": [
            1,
            "no",
            "Nc1cc(N(c2ccc([N+](=O)[O-])cc2)c2ccccc2-c2ccccc2)ncn1",
            2
        ],
        "predicted_catalysts": [
            ""
        ],
        "predicted_reactants": [
            "O=[N+]([O-])c1ccc(F)cc1",
            "Nc1ccccc1-c1ccccc1"
        ],
        "predicted_reagents": [
            "CC(C)(C)[O-].[K+]"
        ],
        "predicted_solvents": [
            "CS(C)=O"
        ],
        "reaction_smiles": "O=[N+]([O-])c1ccc(F)cc1.Nc1ccccc1-c1ccccc1>>O=[N+]([O-])c1ccc(Nc2ccccc2-c2ccccc2)cc1",
        "target_product": [
            [
                "O=[N+]([O-])c1ccc(Nc2ccccc2-c2ccccc2)cc1"
            ]
        ],
        "total_volume": 500
    },
    {
        "final_product": [
            1,
            "no",
            "O=[N+]([O-])c1ccc(N(c2nc(Cl)nc(Cl)n2)c2ccccc2-c2ccccc2)cc1",
            2
        ],
        "predicted_catalysts": [
            ""
        ],
        "predicted_reactants": [
            "O=[N+]([O-])c1ccc(F)cc1",
            "Nc1ccccc1-c1ccccc1"
        ],
        "predicted_reagents": [
            "CC(C)(C)[O-].[K+]"
        ],
        "predicted_solvents": [
            "CS(C)=O"
        ],
        "reaction_smiles": "O=[N+]([O-])c1ccc(F)cc1.Nc1ccccc1-c1ccccc1>>O=[N+]([O-])c1ccc(Nc2ccccc2-c2ccccc2)cc1",
        "target_product": [
            [
                "O=[N+]([O-])c1ccc(Nc2ccccc2-c2ccccc2)cc1"
            ]
        ],
        "total_volume": 500
    },
    {
        "final_product": [
            1,
            "no",
            "CC(C)(C)c1ccc(S(=O)(=O)N(c2ccc(-c3ccccc3)cc2)c2ccsc2)cc1",
            3
        ],
        "predicted_catalysts": [
            ""
        ],
        "predicted_reactants": [
            "Brc1ccccc1",
            "CC1(C)OB(c2ccc(N)cc2)OC1(C)C"
        ],
        "predicted_reagents": [
            "O=C([O-])[O-].[K+]"
        ],
        "predicted_solvents": [
            "O"
        ],
        "reaction_smiles": "Brc1ccccc1.CC1(C)OB(c2ccc(N)cc2)OC1(C)C>>Nc1ccc(-c2ccccc2)cc1",
        "target_product": [
            [
                "Nc1ccc(-c2ccccc2)cc1"
            ]
        ],
        "total_volume": 500
    },
    {
        "final_product": [
            1,
            "no",
            "COc1cccc(C(=O)N(c2ccc(-c3ccccc3)cc2)S(=O)(=O)c2ccccc2)c1",
            3
        ],
        "predicted_catalysts": [
            ""
        ],
        "predicted_reactants": [
            "Brc1ccccc1",
            "CC1(C)OB(c2ccc(N)cc2)OC1(C)C"
        ],
        "predicted_reagents": [
            "O=C([O-])[O-].[K+]"
        ],
        "predicted_solvents": [
            "O"
        ],
        "reaction_smiles": "Brc1ccccc1.CC1(C)OB(c2ccc(N)cc2)OC1(C)C>>Nc1ccc(-c2ccccc2)cc1",
        "target_product": [
            [
                "Nc1ccc(-c2ccccc2)cc1"
            ]
        ],
        "total_volume": 500
    },
    {
        "final_product": [
            1,
            "no",
            "O=C(O)c1[nH]cnc1C(=O)N(c1ccc(-c2ccccc2)cc1)S(=O)(=O)c1ccccc1",
            3
        ],
        "predicted_catalysts": [
            ""
        ],
        "predicted_reactants": [
            "Brc1ccccc1",
            "CC1(C)OB(c2ccc(N)cc2)OC1(C)C"
        ],
        "predicted_reagents": [
            "O=C([O-])[O-].[K+]"
        ],
        "predicted_solvents": [
            "O"
        ],
        "reaction_smiles": "Brc1ccccc1.CC1(C)OB(c2ccc(N)cc2)OC1(C)C>>Nc1ccc(-c2ccccc2)cc1",
        "target_product": [
            [
                "Nc1ccc(-c2ccccc2)cc1"
            ]
        ],
        "total_volume": 500
    },
    {
        "final_product": [
            1,
            "no",
            "Cc1ccc(S(=O)(=O)N(c2ccc(-c3ccccc3)cc2)S(=O)(=O)c2ccccc2)cc1",
            3
        ],
        "predicted_catalysts": [
            ""
        ],
        "predicted_reactants": [
            "Brc1ccccc1",
            "CC1(C)OB(c2ccc(N)cc2)OC1(C)C"
        ],
        "predicted_reagents": [
            "O=C([O-])[O-].[K+]"
        ],
        "predicted_solvents": [
            "O"
        ],
        "reaction_smiles": "Brc1ccccc1.CC1(C)OB(c2ccc(N)cc2)OC1(C)C>>Nc1ccc(-c2ccccc2)cc1",
        "target_product": [
            [
                "Nc1ccc(-c2ccccc2)cc1"
            ]
        ],
        "total_volume": 500
    },
    {
        "final_product": [
            1,
            "no",
            "O=C(CBr)N(c1ccc(-c2ccccc2)cc1)S(=O)(=O)c1cccs1",
            3
        ],
        "predicted_catalysts": [
            ""
        ],
        "predicted_reactants": [
            "Brc1ccccc1",
            "CC1(C)OB(c2ccc(N)cc2)OC1(C)C"
        ],
        "predicted_reagents": [
            "O=C([O-])[O-].[K+]"
        ],
        "predicted_solvents": [
            "O"
        ],
        "reaction_smiles": "Brc1ccccc1.CC1(C)OB(c2ccc(N)cc2)OC1(C)C>>Nc1ccc(-c2ccccc2)cc1",
        "target_product": [
            [
                "Nc1ccc(-c2ccccc2)cc1"
            ]
        ],
        "total_volume": 500
    },
    {
        "final_product": [
            1,
            "no",
            "O=C(O)c1cccc(N(c2ccc(-c3ccccc3)cc2)S(=O)(=O)c2ccccc2)c1C(=O)O",
            3
        ],
        "predicted_catalysts": [
            ""
        ],
        "predicted_reactants": [
            "Brc1ccccc1",
            "CC1(C)OB(c2ccc(N)cc2)OC1(C)C"
        ],
        "predicted_reagents": [
            "O=C([O-])[O-].[K+]"
        ],
        "predicted_solvents": [
            "O"
        ],
        "reaction_smiles": "Brc1ccccc1.CC1(C)OB(c2ccc(N)cc2)OC1(C)C>>Nc1ccc(-c2ccccc2)cc1",
        "target_product": [
            [
                "Nc1ccc(-c2ccccc2)cc1"
            ]
        ],
        "total_volume": 500
    },
    {
        "final_product": [
            1,
            "no",
            "Nc1ccc(N(c2ccc(-c3ccccc3)cc2)S(=O)(=O)c2cccs2)cn1",
            3
        ],
        "predicted_catalysts": [
            ""
        ],
        "predicted_reactants": [
            "Brc1ccccc1",
            "CC1(C)OB(c2ccc(N)cc2)OC1(C)C"
        ],
        "predicted_reagents": [
            "O=C([O-])[O-].[K+]"
        ],
        "predicted_solvents": [
            "O"
        ],
        "reaction_smiles": "Brc1ccccc1.CC1(C)OB(c2ccc(N)cc2)OC1(C)C>>Nc1ccc(-c2ccccc2)cc1",
        "target_product": [
            [
                "Nc1ccc(-c2ccccc2)cc1"
            ]
        ],
        "total_volume": 500
    },
    {
        "final_product": [
            1,
            "no",
            "CC(=O)Nc1ccc(N(c2ccc(-c3ccccc3)cc2)S(=O)(=O)c2ccc(C)cc2)cc1",
            3
        ],
        "predicted_catalysts": [
            ""
        ],
        "predicted_reactants": [
            "Brc1ccccc1",
            "CC1(C)OB(c2ccc(N)cc2)OC1(C)C"
        ],
        "predicted_reagents": [
            "O=C([O-])[O-].[K+]"
        ],
        "predicted_solvents": [
            "O"
        ],
        "reaction_smiles": "Brc1ccccc1.CC1(C)OB(c2ccc(N)cc2)OC1(C)C>>Nc1ccc(-c2ccccc2)cc1",
        "target_product": [
            [
                "Nc1ccc(-c2ccccc2)cc1"
            ]
        ],
        "total_volume": 500
    },
    {
        "final_product": [
            1,
            "no",
            "O=Cc1ccc(N(n2cnnc2)S(=O)(=O)c2ccc(Br)cc2)cc1",
            2
        ],
        "predicted_catalysts": [
            ""
        ],
        "predicted_reactants": [
            "Nn1cnnc1",
            "O=Cc1ccc(F)cc1"
        ],
        "predicted_reagents": [
            "O=C([O-])[O-].[Cs+]"
        ],
        "predicted_solvents": [
            "CS(C)=O"
        ],
        "reaction_smiles": "Nn1cnnc1.O=Cc1ccc(F)cc1>>O=Cc1ccc(Nn2cnnc2)cc1",
        "target_product": [
            [
                "O=Cc1ccc(Nn2cnnc2)cc1"
            ]
        ],
        "total_volume": 500
    },
    {
        "final_product": [
            2,
            "yes",
            "O=C(CS)N(c1ccsc1)n1cnnc1",
            2
        ],
        "predicted_catalysts": [
            ""
        ],
        "predicted_reactants": [
            "c1cc(Nn2cnnc2)cs1",
            "O=C(O)CS"
        ],
        "predicted_reagents": [
            "CCN(CC)CC"
        ],
        "predicted_solvents": [
            "O"
        ],
        "reaction_smiles": "c1cc(Nn2cnnc2)cs1.O=C(O)CS>>O=C(CS)N(c1ccsc1)n1cnnc1",
        "target_product": [
            [
                "O=C(CS)N(c1ccsc1)n1cnnc1"
            ]
        ],
        "total_volume": 500
    },
    {
        "final_product": [
            1,
            "no",
            "N#Cc1ccccc1N(C(=O)c1sc2cc(F)ccc2c1Cl)n1cnnc1",
            2
        ],
        "predicted_catalysts": [
            ""
        ],
        "predicted_reactants": [
            "Nn1cnnc1",
            "N#Cc1ccccc1Cl"
        ],
        "predicted_reagents": [
            "CC(C)(C)[O-].[K+]"
        ],
        "predicted_solvents": [
            "CS(C)=O"
        ],
        "reaction_smiles": "Nn1cnnc1.N#Cc1ccccc1Cl>>N#Cc1ccccc1Nn1cnnc1",
        "target_product": [
            [
                "N#Cc1ccccc1Nn1cnnc1"
            ]
        ],
        "total_volume": 500
    },
    {
        "final_product": [
            1,
            "no",
            "CN(C(N)=S)N(c1ccc([N+](=O)[O-])cc1)S(=O)(=O)c1ccc(C(C)(C)C)cc1",
            2
        ],
        "predicted_catalysts": [
            ""
        ],
        "predicted_reactants": [
            "O=[N+]([O-])c1ccc(F)cc1",
            "CN(N)C(N)=S"
        ],
        "predicted_reagents": [
            "O=C([O-])[O-].[K+]"
        ],
        "predicted_solvents": [
            "CN(C)C=O"
        ],
        "reaction_smiles": "O=[N+]([O-])c1ccc(F)cc1.CN(N)C(N)=S>>CN(Nc1ccc([N+](=O)[O-])cc1)C(N)=S",
        "target_product": [
            [
                "CN(Nc1ccc([N+](=O)[O-])cc1)C(N)=S"
            ]
        ],
        "total_volume": 500
    }
]