[
    {
        "final_product": [
            1,
            "yes",
            "COc1ccc(Nn2cnnc2)cc1",
            1
        ],
        "predicted_catalysts": [
            "[OH2--].[Cu+].[Cu+]"
        ],
        "predicted_reactants": [
            "Nn1cnnc1",
            "COc1ccc(B(O)O)cc1"
        ],
        "predicted_reagents": [
            ""
        ],
        "predicted_solvents": [
            "CS(C)=O"
        ],
        "reaction_smiles": "Nn1cnnc1.COc1ccc(B(O)O)cc1>>COc1ccc(Nn2cnnc2)cc1",
        "target_product": [
            [
                "COc1ccc(Nn2cnnc2)cc1"
            ]
        ],
        "total_volume": 500
    },
    {
        "final_product": [
            1,
            "no",
            "O=C(Nc1ccncc1Nn1cnnc1)Oc1ccccc1",
            2
        ],
        "predicted_catalysts": [
            ""
        ],
        "predicted_reactants": [
            "Nn1cnnc1",
            "Nc1ccncc1Cl"
        ],
        "predicted_reagents": [
            "CC(C)(C)[O-].[K+]"
        ],
        "predicted_solvents": [
            "CS(C)=O"
        ],
        "reaction_smiles": "Nn1cnnc1.Nc1ccncc1Cl>>Nc1ccncc1Nn1cnnc1",
        "target_product": [
            [
                "Nc1ccncc1Nn1cnnc1"
            ]
        ],
        "total_volume": 500
    },
    {
        "final_product": [
            1,
            "no",
            "Clc1ncccc1NCc1ccc(-c2cc3ccccc3o2)s1",
            2
        ],
        "predicted_catalysts": [
            "c1ccc([P](c2ccccc2)(c2ccccc2)[Pd]([P](c2ccccc2)(c2ccccc2)c2ccccc2)([P](c2ccccc2)(c2ccccc2)c2ccccc2)[P](c2ccccc2)(c2ccccc2)c2ccccc2)cc1"
        ],
        "predicted_reactants": [
            "OB(O)c1cc2ccccc2o1",
            "O=Cc1ccc(Br)s1"
        ],
        "predicted_reagents": [
            "O=C([O-])[O-].[Na+]"
        ],
        "predicted_solvents": [
            "COCCOC"
        ],
        "reaction_smiles": "OB(O)c1cc2ccccc2o1.O=Cc1ccc(Br)s1>>O=Cc1ccc(-c2cc3ccccc3o2)s1",
        "target_product": [
            [
                "O=Cc1ccc(-c2cc3ccccc3o2)s1"
            ]
        ],
        "total_volume": 500
    },
    {
        "final_product": [
            1,
            "yes",
            "Clc1ccc(Nn2cnnc2)cc1",
            1
        ],
        "predicted_catalysts": [
            "[OH2--].[Cu+].[Cu+]"
        ],
        "predicted_reactants": [
            "Nn1cnnc1",
            "OB(O)c1ccc(Cl)cc1"
        ],
        "predicted_reagents": [
            ""
        ],
        "predicted_solvents": [
            "CS(C)=O"
        ],
        "reaction_smiles": "Nn1cnnc1.OB(O)c1ccc(Cl)cc1>>Clc1ccc(Nn2cnnc2)cc1",
        "target_product": [
            [
                "Clc1ccc(Nn2cnnc2)cc1"
            ]
        ],
        "total_volume": 500
    },
    {
        "final_product": [
            1,
            "no",
            "C(=Cc1cccnc1NCc1cccs1)c1ccccc1",
            2
        ],
        "predicted_catalysts": [
            "c1ccc([P](c2ccccc2)(c2ccccc2)[Pd]([P](c2ccccc2)(c2ccccc2)c2ccccc2)([P](c2ccccc2)(c2ccccc2)c2ccccc2)[P](c2ccccc2)(c2ccccc2)c2ccccc2)cc1"
        ],
        "predicted_reactants": [
            "Nc1ncccc1Br",
            "OB(O)/C=C/c1ccccc1"
        ],
        "predicted_reagents": [
            "O=C([O-])[O-].[Na+]"
        ],
        "predicted_solvents": [
            "C1COCCO1.O"
        ],
        "reaction_smiles": "Nc1ncccc1Br.OB(O)/C=C/c1ccccc1>>Nc1ncccc1C=Cc1ccccc1",
        "target_product": [
            [
                "Nc1ncccc1C=Cc1ccccc1"
            ]
        ],
        "total_volume": 500
    },
    {
        "final_product": [
            1,
            "yes",
            "c1ccc2oc(Nn3cnnc3)cc2c1",
            1
        ],
        "predicted_catalysts": [
            "CC(=O)[O-].[Cu+2].[H]O[H]"
        ],
        "predicted_reactants": [
            "Nn1cnnc1",
            "OB(O)c1cc2ccccc2o1"
        ],
        "predicted_reagents": [
            ""
        ],
        "predicted_solvents": [
            "CN(C)C=O"
        ],
        "reaction_smiles": "Nn1cnnc1.OB(O)c1cc2ccccc2o1>>c1ccc2oc(Nn3cnnc3)cc2c1",
        "target_product": [
            [
                "c1ccc2oc(Nn3cnnc3)cc2c1"
            ]
        ],
        "total_volume": 500
    },
    {
        "final_product": [
            1,
            "no",
            "O=C(CO)N(C(c1ccccc1)c1ccccc1)n1cnnc1",
            2
        ],
        "predicted_catalysts": [
            ""
        ],
        "predicted_reactants": [
            "Nn1cnnc1",
            "OC(c1ccccc1)c1ccccc1"
        ],
        "predicted_reagents": [
            "O=S(=O)(O)O"
        ],
        "predicted_solvents": [
            ""
        ],
        "reaction_smiles": "Nn1cnnc1.OC(c1ccccc1)c1ccccc1>>c1ccc(C(Nn2cnnc2)c2ccccc2)cc1",
        "target_product": [
            [
                "c1ccc(C(Nn2cnnc2)c2ccccc2)cc1"
            ]
        ],
        "total_volume": 500
    },
    {
        "final_product": [
            1,
            "yes",
            "N#Cc1ccc(CNc2cc3ccccc3o2)cc1",
            1
        ],
        "predicted_catalysts": [
            "CC(=O)[O-].[Cu+2]"
        ],
        "predicted_reactants": [
            "OB(O)c1cc2ccccc2o1",
            "N#Cc1ccc(CN)cc1"
        ],
        "predicted_reagents": [
            ""
        ],
        "predicted_solvents": [
            ""
        ],
        "reaction_smiles": "OB(O)c1cc2ccccc2o1.N#Cc1ccc(CN)cc1>>N#Cc1ccc(CNc2cc3ccccc3o2)cc1",
        "target_product": [
            [
                "N#Cc1ccc(CNc2cc3ccccc3o2)cc1"
            ]
        ],
        "total_volume": 500
    },
    {
        "final_product": [
            1,
            "no",
            "FC(F)(F)c1ccc(-c2ccc(Nc3cnc4ccccc4c3)cc2)nc1",
            2
        ],
        "predicted_catalysts": [
            "c1ccc([P](c2ccccc2)(c2ccccc2)[Pd]([P](c2ccccc2)(c2ccccc2)c2ccccc2)([P](c2ccccc2)(c2ccccc2)c2ccccc2)[P](c2ccccc2)(c2ccccc2)c2ccccc2)cc1"
        ],
        "predicted_reactants": [
            "C1=CC(=NC=C1C(F)(F)F)Br",
            "CC1(C)OB(c2ccc(N)cc2)OC1(C)C"
        ],
        "predicted_reagents": [
            "O=C([O-])[O-].[Na+]"
        ],
        "predicted_solvents": [
            "COCCOC.O"
        ],
        "reaction_smiles": "C1=CC(=NC=C1C(F)(F)F)Br.CC1(C)OB(c2ccc(N)cc2)OC1(C)C>>Nc1ccc(-c2ccc(C(F)(F)F)cn2)cc1",
        "target_product": [
            [
                "Nc1ccc(-c2ccc(C(F)(F)F)cn2)cc1"
            ]
        ],
        "total_volume": 500
    },
    {
        "final_product": [
            1,
            "no",
            "c1ccc2oc(-c3ccc(CNc4ncn[nH]4)s3)cc2c1",
            2
        ],
        "predicted_catalysts": [
            "c1ccc([P](c2ccccc2)(c2ccccc2)[Pd]([P](c2ccccc2)(c2ccccc2)c2ccccc2)([P](c2ccccc2)(c2ccccc2)c2ccccc2)[P](c2ccccc2)(c2ccccc2)c2ccccc2)cc1"
        ],
        "predicted_reactants": [
            "OB(O)c1cc2ccccc2o1",
            "O=Cc1ccc(Br)s1"
        ],
        "predicted_reagents": [
            "O=C([O-])[O-].[Na+]"
        ],
        "predicted_solvents": [
            "COCCOC"
        ],
        "reaction_smiles": "OB(O)c1cc2ccccc2o1.O=Cc1ccc(Br)s1>>O=Cc1ccc(-c2cc3ccccc3o2)s1",
        "target_product": [
            [
                "O=Cc1ccc(-c2cc3ccccc3o2)s1"
            ]
        ],
        "total_volume": 500
    },
    {
        "final_product": [
            1,
            "yes",
            "O=[N+]([O-])c1ccc(Nn2cnnc2)nc1",
            1
        ],
        "predicted_catalysts": [
            ""
        ],
        "predicted_reactants": [
            "Nn1cnnc1",
            "O=[N+]([O-])c1ccc(Cl)nc1"
        ],
        "predicted_reagents": [
            "O=C([O-])[O-].[Cs+]"
        ],
        "predicted_solvents": [
            "CS(C)=O"
        ],
        "reaction_smiles": "Nn1cnnc1.O=[N+]([O-])c1ccc(Cl)nc1>>O=[N+]([O-])c1ccc(Nn2cnnc2)nc1",
        "target_product": [
            [
                "O=[N+]([O-])c1ccc(Nn2cnnc2)nc1"
            ]
        ],
        "total_volume": 500
    },
    {
        "final_product": [
            1,
            "yes",
            "Nc1ccncc1Nn1cnnc1",
            1
        ],
        "predicted_catalysts": [
            ""
        ],
        "predicted_reactants": [
            "Nn1cnnc1",
            "Nc1ccncc1Cl"
        ],
        "predicted_reagents": [
            "CC(C)(C)[O-].[K+]"
        ],
        "predicted_solvents": [
            "CS(C)=O"
        ],
        "reaction_smiles": "Nn1cnnc1.Nc1ccncc1Cl>>Nc1ccncc1Nn1cnnc1",
        "target_product": [
            [
                "Nc1ccncc1Nn1cnnc1"
            ]
        ],
        "total_volume": 500
    },
    {
        "final_product": [
            1,
            "no",
            "O=S(=O)(O)c1ccc(NCc2ccc(-c3ccsc3)s2)cc1",
            2
        ],
        "predicted_catalysts": [
            "c1ccc([P](c2ccccc2)(c2ccccc2)[Pd]([P](c2ccccc2)(c2ccccc2)c2ccccc2)([P](c2ccccc2)(c2ccccc2)c2ccccc2)[P](c2ccccc2)(c2ccccc2)c2ccccc2)cc1"
        ],
        "predicted_reactants": [
            "B(C1=CSC=C1)(O)O",
            "O=Cc1ccc(Br)s1"
        ],
        "predicted_reagents": [
            "O=C([O-])[O-].[Na+]"
        ],
        "predicted_solvents": [
            "COCCOC.O"
        ],
        "reaction_smiles": "B(C1=CSC=C1)(O)O.O=Cc1ccc(Br)s1>>O=Cc1ccc(-c2ccsc2)s1",
        "target_product": [
            [
                "O=Cc1ccc(-c2ccsc2)s1"
            ]
        ],
        "total_volume": 500
    },
    {
        "final_product": [
            1,
            "no",
            "c1ccc2ncc(Nc3ccc(-c4ccsc4)cn3)cc2c1",
            2
        ],
        "predicted_catalysts": [
            "c1ccc([P](c2ccccc2)(c2ccccc2)[Pd]([P](c2ccccc2)(c2ccccc2)c2ccccc2)([P](c2ccccc2)(c2ccccc2)c2ccccc2)[P](c2ccccc2)(c2ccccc2)c2ccccc2)cc1"
        ],
        "predicted_reactants": [
            "B(C1=CSC=C1)(O)O",
            "Nc1ccc(Br)cn1"
        ],
        "predicted_reagents": [
            "O=C([O-])[O-].[Na+]"
        ],
        "predicted_solvents": [
            "COCCOC.O"
        ],
        "reaction_smiles": "B(C1=CSC=C1)(O)O.Nc1ccc(Br)cn1>>Nc1ccc(-c2ccsc2)cn1",
        "target_product": [
            [
                "Nc1ccc(-c2ccsc2)cn1"
            ]
        ],
        "total_volume": 500
    },
    {
        "final_product": [
            1,
            "yes",
            "O=S1(=O)CCN(c2cc3ccccc3o2)CC1",
            1
        ],
        "predicted_catalysts": [
            "CC(=O)[O-].[Cu+2]"
        ],
        "predicted_reactants": [
            "O=S1(=O)CCNCC1",
            "OB(O)c1cc2ccccc2o1"
        ],
        "predicted_reagents": [
            "CCN(CC)CC"
        ],
        "predicted_solvents": [
            "CN(C)C=O"
        ],
        "reaction_smiles": "O=S1(=O)CCNCC1.OB(O)c1cc2ccccc2o1>>O=S1(=O)CCN(c2cc3ccccc3o2)CC1",
        "target_product": [
            [
                "O=S1(=O)CCN(c2cc3ccccc3o2)CC1"
            ]
        ],
        "total_volume": 500
    },
    {
        "final_product": [
            1,
            "no",
            "CCn1c2ccccc2c2cc(CNc3ccncc3Nn3cnnc3)ccc21",
            2
        ],
        "predicted_catalysts": [
            ""
        ],
        "predicted_reactants": [
            "Nn1cnnc1",
            "Nc1ccncc1Cl"
        ],
        "predicted_reagents": [
            "CC(C)(C)[O-].[K+]"
        ],
        "predicted_solvents": [
            "CS(C)=O"
        ],
        "reaction_smiles": "Nn1cnnc1.Nc1ccncc1Cl>>Nc1ccncc1Nn1cnnc1",
        "target_product": [
            [
                "Nc1ccncc1Nn1cnnc1"
            ]
        ],
        "total_volume": 500
    },
    {
        "final_product": [
            1,
            "yes",
            "c1ccc2ncc(Nn3cnnc3)cc2c1",
            1
        ],
        "predicted_catalysts": [
            "CC(=O)[O-].[Cu+2]"
        ],
        "predicted_reactants": [
            "Nn1cnnc1",
            "CC1(C)OB(c2cnc3ccccc3c2)OC1(C)C"
        ],
        "predicted_reagents": [
            ""
        ],
        "predicted_solvents": [
            "Cc1ccccc1"
        ],
        "reaction_smiles": "Nn1cnnc1.CC1(C)OB(c2cnc3ccccc3c2)OC1(C)C>>c1ccc2ncc(Nn3cnnc3)cc2c1",
        "target_product": [
            [
                "c1ccc2ncc(Nn3cnnc3)cc2c1"
            ]
        ],
        "total_volume": 500
    },
    {
        "final_product": [
            1,
            "yes",
            "c1ccc2nc(Nn3cnnc3)cnc2c1",
            1
        ],
        "predicted_catalysts": [
            ""
        ],
        "predicted_reactants": [
            "Nn1cnnc1",
            "Clc1cnc2ccccc2n1"
        ],
        "predicted_reagents": [
            "CC(C)(C)[O-].[K+]"
        ],
        "predicted_solvents": [
            "CN(C)C=O"
        ],
        "reaction_smiles": "Nn1cnnc1.Clc1cnc2ccccc2n1>>c1ccc2nc(Nn3cnnc3)cnc2c1",
        "target_product": [
            [
                "c1ccc2nc(Nn3cnnc3)cnc2c1"
            ]
        ],
        "total_volume": 500
    },
    {
        "final_product": [
            1,
            "no",
            "CCCCCN(c1cnc2ccccc2c1)n1cnnc1",
            2
        ],
        "predicted_catalysts": [
            "CC(=O)[O-].[Cu+2]"
        ],
        "predicted_reactants": [
            "Nn1cnnc1",
            "CC1(C)OB(c2cnc3ccccc3c2)OC1(C)C"
        ],
        "predicted_reagents": [
            ""
        ],
        "predicted_solvents": [
            "Cc1ccccc1"
        ],
        "reaction_smiles": "Nn1cnnc1.CC1(C)OB(c2cnc3ccccc3c2)OC1(C)C>>c1ccc2ncc(Nn3cnnc3)cc2c1",
        "target_product": [
            [
                "c1ccc2ncc(Nn3cnnc3)cc2c1"
            ]
        ],
        "total_volume": 500
    },
    {
        "final_product": [
            1,
            "no",
            "O=[N+]([O-])c1ccc(N(CCc2ccccc2)c2cccc3ccccc23)cc1",
            2
        ],
        "predicted_catalysts": [
            ""
        ],
        "predicted_reactants": [
            "O=[N+]([O-])c1ccc(F)cc1",
            "NCCc1ccccc1"
        ],
        "predicted_reagents": [
            "O=C([O-])[O-].[K+]"
        ],
        "predicted_solvents": [
            "CN(C)C=O"
        ],
        "reaction_smiles": "O=[N+]([O-])c1ccc(F)cc1.NCCc1ccccc1>>O=[N+]([O-])c1ccc(NCCc2ccccc2)cc1",
        "target_product": [
            [
                "O=[N+]([O-])c1ccc(NCCc2ccccc2)cc1"
            ]
        ],
        "total_volume": 500
    },
    {
        "final_product": [
            1,
            "yes",
            "c1nc(NC23CC4CC(CC(C4)C2)C3)c2[nH]cnc2n1",
            1
        ],
        "predicted_catalysts": [
            ""
        ],
        "predicted_reactants": [
            "Clc1ncnc2nc[nH]c12",
            "NC12CC3CC(CC(C3)C1)C2"
        ],
        "predicted_reagents": [
            ""
        ],
        "predicted_solvents": [
            "CCO"
        ],
        "reaction_smiles": "Clc1ncnc2nc[nH]c12.NC12CC3CC(CC(C3)C1)C2>>c1nc(NC23CC4CC(CC(C4)C2)C3)c2[nH]cnc2n1",
        "target_product": [
            [
                "c1nc(NC23CC4CC(CC(C4)C2)C3)c2[nH]cnc2n1"
            ]
        ],
        "total_volume": 500
    },
    {
        "final_product": [
            1,
            "yes",
            "c1ccc(C(Nn2cnnc2)c2ccccc2)cc1",
            1
        ],
        "predicted_catalysts": [
            ""
        ],
        "predicted_reactants": [
            "Nn1cnnc1",
            "OC(c1ccccc1)c1ccccc1"
        ],
        "predicted_reagents": [
            "O=S(=O)(O)O"
        ],
        "predicted_solvents": [
            ""
        ],
        "reaction_smiles": "Nn1cnnc1.OC(c1ccccc1)c1ccccc1>>c1ccc(C(Nn2cnnc2)c2ccccc2)cc1",
        "target_product": [
            [
                "c1ccc(C(Nn2cnnc2)c2ccccc2)cc1"
            ]
        ],
        "total_volume": 500
    },
    {
        "final_product": [
            1,
            "yes",
            "O=C1CCc2cc(Nn3cnnc3)ccc21",
            1
        ],
        "predicted_catalysts": [
            ""
        ],
        "predicted_reactants": [
            "Nn1cnnc1",
            "O=C1CCc2cc(Cl)ccc21"
        ],
        "predicted_reagents": [
            "O=C([O-])[O-].[Cs+]"
        ],
        "predicted_solvents": [
            "CS(C)=O"
        ],
        "reaction_smiles": "Nn1cnnc1.O=C1CCc2cc(Cl)ccc21>>O=C1CCc2cc(Nn3cnnc3)ccc21",
        "target_product": [
            [
                "O=C1CCc2cc(Nn3cnnc3)ccc21"
            ]
        ],
        "total_volume": 500
    },
    {
        "final_product": [
            1,
            "yes",
            "c1cc2cc(Nn3cnnc3)ccc2[nH]1",
            1
        ],
        "predicted_catalysts": [
            ""
        ],
        "predicted_reactants": [
            "Nn1cnnc1",
            "Clc1ccc2[nH]ccc2c1"
        ],
        "predicted_reagents": [
            "CC(C)(C)[O-].[K+]"
        ],
        "predicted_solvents": [
            "CS(C)=O"
        ],
        "reaction_smiles": "Nn1cnnc1.Clc1ccc2[nH]ccc2c1>>c1cc2cc(Nn3cnnc3)ccc2[nH]1",
        "target_product": [
            [
                "c1cc2cc(Nn3cnnc3)ccc2[nH]1"
            ]
        ],
        "total_volume": 500
    },
    {
        "final_product": [
            1,
            "no",
            "COc1ccc(N(c2c(C)noc2C)n2cnnc2)cc1",
            2
        ],
        "predicted_catalysts": [
            "[OH2--].[Cu+].[Cu+]"
        ],
        "predicted_reactants": [
            "Nn1cnnc1",
            "COc1ccc(B(O)O)cc1"
        ],
        "predicted_reagents": [
            ""
        ],
        "predicted_solvents": [
            "CS(C)=O"
        ],
        "reaction_smiles": "Nn1cnnc1.COc1ccc(B(O)O)cc1>>COc1ccc(Nn2cnnc2)cc1",
        "target_product": [
            [
                "COc1ccc(Nn2cnnc2)cc1"
            ]
        ],
        "total_volume": 500
    },
    {
        "final_product": [
            1,
            "no",
            "COc1cc(Br)c(C(=O)N(c2ccc(CO)cc2)c2ccccc2C=O)cc1O",
            2
        ],
        "predicted_catalysts": [
            ""
        ],
        "predicted_reactants": [
            "OCc1ccc(F)cc1",
            "Nc1ccccc1C=O"
        ],
        "predicted_reagents": [
            "O=C([O-])[O-].[K+]"
        ],
        "predicted_solvents": [
            "CS(C)=O"
        ],
        "reaction_smiles": "OCc1ccc(F)cc1.Nc1ccccc1C=O>>O=Cc1ccccc1Nc1ccc(CO)cc1",
        "target_product": [
            [
                "O=Cc1ccccc1Nc1ccc(CO)cc1"
            ]
        ],
        "total_volume": 500
    },
    {
        "final_product": [
            1,
            "no",
            "COc1ccc2nc(NCc3ccc(-c4ccsc4)s3)sc2c1",
            2
        ],
        "predicted_catalysts": [
            "c1ccc([P](c2ccccc2)(c2ccccc2)[Pd]([P](c2ccccc2)(c2ccccc2)c2ccccc2)([P](c2ccccc2)(c2ccccc2)c2ccccc2)[P](c2ccccc2)(c2ccccc2)c2ccccc2)cc1"
        ],
        "predicted_reactants": [
            "B(C1=CSC=C1)(O)O",
            "O=Cc1ccc(Br)s1"
        ],
        "predicted_reagents": [
            "O=C([O-])[O-].[Na+]"
        ],
        "predicted_solvents": [
            "COCCOC.O"
        ],
        "reaction_smiles": "B(C1=CSC=C1)(O)O.O=Cc1ccc(Br)s1>>O=Cc1ccc(-c2ccsc2)s1",
        "target_product": [
            [
                "O=Cc1ccc(-c2ccsc2)s1"
            ]
        ],
        "total_volume": 500
    },
    {
        "final_product": [
            1,
            "no",
            "N#Cc1ccccc1NCc1ccc(-c2cc3ccccc3o2)s1",
            2
        ],
        "predicted_catalysts": [
            "c1ccc([P](c2ccccc2)(c2ccccc2)[Pd]([P](c2ccccc2)(c2ccccc2)c2ccccc2)([P](c2ccccc2)(c2ccccc2)c2ccccc2)[P](c2ccccc2)(c2ccccc2)c2ccccc2)cc1"
        ],
        "predicted_reactants": [
            "OB(O)c1cc2ccccc2o1",
            "O=Cc1ccc(Br)s1"
        ],
        "predicted_reagents": [
            "O=C([O-])[O-].[Na+]"
        ],
        "predicted_solvents": [
            "COCCOC"
        ],
        "reaction_smiles": "OB(O)c1cc2ccccc2o1.O=Cc1ccc(Br)s1>>O=Cc1ccc(-c2cc3ccccc3o2)s1",
        "target_product": [
            [
                "O=Cc1ccc(-c2cc3ccccc3o2)s1"
            ]
        ],
        "total_volume": 500
    },
    {
        "final_product": [
            1,
            "yes",
            "O=[N+]([O-])c1ccc(N2CCS(=O)(=O)CC2)nc1",
            1
        ],
        "predicted_catalysts": [
            ""
        ],
        "predicted_reactants": [
            "O=S1(=O)CCNCC1",
            "O=[N+]([O-])c1ccc(Cl)nc1"
        ],
        "predicted_reagents": [
            "O=C([O-])[O-].[K+]"
        ],
        "predicted_solvents": [
            "CC#N"
        ],
        "reaction_smiles": "O=S1(=O)CCNCC1.O=[N+]([O-])c1ccc(Cl)nc1>>O=[N+]([O-])c1ccc(N2CCS(=O)(=O)CC2)nc1",
        "target_product": [
            [
                "O=[N+]([O-])c1ccc(N2CCS(=O)(=O)CC2)nc1"
            ]
        ],
        "total_volume": 500
    },
    {
        "final_product": [
            1,
            "yes",
            "c1ccc(-c2ccc(Nn3cnnc3)cc2)cc1",
            1
        ],
        "predicted_catalysts": [
            "[OH2--].[Cu+].[Cu+]"
        ],
        "predicted_reactants": [
            "Nn1cnnc1",
            "OB(O)c1ccc(-c2ccccc2)cc1"
        ],
        "predicted_reagents": [
            ""
        ],
        "predicted_solvents": [
            "CS(C)=O"
        ],
        "reaction_smiles": "Nn1cnnc1.OB(O)c1ccc(-c2ccccc2)cc1>>c1ccc(-c2ccc(Nn3cnnc3)cc2)cc1",
        "target_product": [
            [
                "c1ccc(-c2ccc(Nn3cnnc3)cc2)cc1"
            ]
        ],
        "total_volume": 500
    },
    {
        "final_product": [
            1,
            "yes",
            "CC(Nc1ccc([N+](=O)[O-])cc1)c1ccccc1",
            1
        ],
        "predicted_catalysts": [
            ""
        ],
        "predicted_reactants": [
            "O=[N+]([O-])c1ccc(F)cc1",
            "CC(N)c1ccccc1"
        ],
        "predicted_reagents": [
            "O=C([O-])[O-].[K+]"
        ],
        "predicted_solvents": [
            "CS(C)=O"
        ],
        "reaction_smiles": "O=[N+]([O-])c1ccc(F)cc1.CC(N)c1ccccc1>>CC(Nc1ccc([N+](=O)[O-])cc1)c1ccccc1",
        "target_product": [
            [
                "CC(Nc1ccc([N+](=O)[O-])cc1)c1ccccc1"
            ]
        ],
        "total_volume": 500
    },
    {
        "final_product": [
            1,
            "yes",
            "Cc1ccccc1Nc1cccc(OC(F)(F)F)c1",
            1
        ],
        "predicted_catalysts": [
            ""
        ],
        "predicted_reactants": [
            "Cc1ccccc1F",
            "Nc1cccc(OC(F)(F)F)c1"
        ],
        "predicted_reagents": [
            "CC(C)(C)[O-].[K+]"
        ],
        "predicted_solvents": [
            "CS(C)=O"
        ],
        "reaction_smiles": "Cc1ccccc1F.Nc1cccc(OC(F)(F)F)c1>>Cc1ccccc1Nc1cccc(OC(F)(F)F)c1",
        "target_product": [
            [
                "Cc1ccccc1Nc1cccc(OC(F)(F)F)c1"
            ]
        ],
        "total_volume": 500
    },
    {
        "final_product": [
            1,
            "no",
            "COc1ccc(NC(=O)Nc2ccncc2Nn2cnnc2)cc1",
            2
        ],
        "predicted_catalysts": [
            ""
        ],
        "predicted_reactants": [
            "Nn1cnnc1",
            "Nc1ccncc1Cl"
        ],
        "predicted_reagents": [
            "CC(C)(C)[O-].[K+]"
        ],
        "predicted_solvents": [
            "CS(C)=O"
        ],
        "reaction_smiles": "Nn1cnnc1.Nc1ccncc1Cl>>Nc1ccncc1Nn1cnnc1",
        "target_product": [
            [
                "Nc1ccncc1Nn1cnnc1"
            ]
        ],
        "total_volume": 500
    },
    {
        "final_product": [
            1,
            "yes",
            "Nc1nc(Nn2cnnc2)c2[nH]cnc2n1",
            1
        ],
        "predicted_catalysts": [
            ""
        ],
        "predicted_reactants": [
            "Nn1cnnc1",
            "Nc1nc(Cl)c2[nH]cnc2n1"
        ],
        "predicted_reagents": [
            ""
        ],
        "predicted_solvents": [
            "CO"
        ],
        "reaction_smiles": "Nn1cnnc1.Nc1nc(Cl)c2[nH]cnc2n1>>Nc1nc(Nn2cnnc2)c2[nH]cnc2n1",
        "target_product": [
            [
                "Nc1nc(Nn2cnnc2)c2[nH]cnc2n1"
            ]
        ],
        "total_volume": 500
    },
    {
        "final_product": [
            1,
            "no",
            "Nc1cc(N(c2cnc3ccccc3c2)n2cnnc2)ncn1",
            2
        ],
        "predicted_catalysts": [
            "CC(=O)[O-].[Cu+2]"
        ],
        "predicted_reactants": [
            "Nn1cnnc1",
            "CC1(C)OB(c2cnc3ccccc3c2)OC1(C)C"
        ],
        "predicted_reagents": [
            ""
        ],
        "predicted_solvents": [
            "Cc1ccccc1"
        ],
        "reaction_smiles": "Nn1cnnc1.CC1(C)OB(c2cnc3ccccc3c2)OC1(C)C>>c1ccc2ncc(Nn3cnnc3)cc2c1",
        "target_product": [
            [
                "c1ccc2ncc(Nn3cnnc3)cc2c1"
            ]
        ],
        "total_volume": 500
    },
    {
        "final_product": [
            1,
            "no",
            "COc1ccc(N(C(c2ccccc2)c2ccccc2)n2cnnc2)cc1",
            2
        ],
        "predicted_catalysts": [
            ""
        ],
        "predicted_reactants": [
            "Nn1cnnc1",
            "OC(c1ccccc1)c1ccccc1"
        ],
        "predicted_reagents": [
            "O=S(=O)(O)O"
        ],
        "predicted_solvents": [
            ""
        ],
        "reaction_smiles": "Nn1cnnc1.OC(c1ccccc1)c1ccccc1>>c1ccc(C(Nn2cnnc2)c2ccccc2)cc1",
        "target_product": [
            [
                "c1ccc(C(Nn2cnnc2)c2ccccc2)cc1"
            ]
        ],
        "total_volume": 500
    },
    {
        "final_product": [
            1,
            "yes",
            "c1cnc(Nc2ccsc2)nc1",
            1
        ],
        "predicted_catalysts": [
            "CC(=O)[O-].[Cu+2]"
        ],
        "predicted_reactants": [
            "C1=CN=C(N=C1)N",
            "OB(O)c1ccsc1"
        ],
        "predicted_reagents": [
            "c1ccncc1"
        ],
        "predicted_solvents": [
            "Cc1ccccc1"
        ],
        "reaction_smiles": "C1=CN=C(N=C1)N.OB(O)c1ccsc1>>c1cnc(Nc2ccsc2)nc1",
        "target_product": [
            [
                "c1cnc(Nc2ccsc2)nc1"
            ]
        ],
        "total_volume": 500
    },
    {
        "final_product": [
            1,
            "no",
            "Fc1ccc(Nn2cnnc2)c(CNNc2ccccc2)c1",
            2
        ],
        "predicted_catalysts": [
            "CC(=O)[O-].[Cu+2].[H]O[H]"
        ],
        "predicted_reactants": [
            "Nn1cnnc1",
            "O=Cc1cc(F)ccc1B(O)O"
        ],
        "predicted_reagents": [
            "CC(=O)[O-].[K+]"
        ],
        "predicted_solvents": [
            "CS(C)=O"
        ],
        "reaction_smiles": "Nn1cnnc1.O=Cc1cc(F)ccc1B(O)O>>O=Cc1cc(F)ccc1Nn1cnnc1",
        "target_product": [
            [
                "O=Cc1cc(F)ccc1Nn1cnnc1"
            ]
        ],
        "total_volume": 500
    },
    {
        "final_product": [
            1,
            "yes",
            "Brc1cc(Br)cc(Nn2cnnc2)c1",
            1
        ],
        "predicted_catalysts": [
            ""
        ],
        "predicted_reactants": [
            "Nn1cnnc1",
            "Fc1cc(Br)cc(Br)c1"
        ],
        "predicted_reagents": [
            "[OH-].[K+]"
        ],
        "predicted_solvents": [
            "CS(C)=O"
        ],
        "reaction_smiles": "Nn1cnnc1.Fc1cc(Br)cc(Br)c1>>Brc1cc(Br)cc(Nn2cnnc2)c1",
        "target_product": [
            [
                "Brc1cc(Br)cc(Nn2cnnc2)c1"
            ]
        ],
        "total_volume": 500
    },
    {
        "final_product": [
            1,
            "yes",
            "Nc1nc2ccc(-c3ccsc3)cc2s1",
            1
        ],
        "predicted_catalysts": [
            "c1ccc([P](c2ccccc2)(c2ccccc2)[Pd]([P](c2ccccc2)(c2ccccc2)c2ccccc2)([P](c2ccccc2)(c2ccccc2)c2ccccc2)[P](c2ccccc2)(c2ccccc2)c2ccccc2)cc1"
        ],
        "predicted_reactants": [
            "B(C1=CSC=C1)(O)O",
            "Nc1nc2ccc(Br)cc2s1"
        ],
        "predicted_reagents": [
            "O=C([O-])[O-].[Na+]"
        ],
        "predicted_solvents": [
            "COCCOC.O"
        ],
        "reaction_smiles": "B(C1=CSC=C1)(O)O.Nc1nc2ccc(Br)cc2s1>>Nc1nc2ccc(-c3ccsc3)cc2s1",
        "target_product": [
            [
                "Nc1nc2ccc(-c3ccsc3)cc2s1"
            ]
        ],
        "total_volume": 500
    },
    {
        "final_product": [
            1,
            "yes",
            "CCc1ccc(Nn2cnnc2)cc1",
            1
        ],
        "predicted_catalysts": [
            "[OH2--].[Cu+].[Cu+]"
        ],
        "predicted_reactants": [
            "Nn1cnnc1",
            "CCc1ccc(B(O)O)cc1"
        ],
        "predicted_reagents": [
            ""
        ],
        "predicted_solvents": [
            "CS(C)=O"
        ],
        "reaction_smiles": "Nn1cnnc1.CCc1ccc(B(O)O)cc1>>CCc1ccc(Nn2cnnc2)cc1",
        "target_product": [
            [
                "CCc1ccc(Nn2cnnc2)cc1"
            ]
        ],
        "total_volume": 500
    },
    {
        "final_product": [
            1,
            "no",
            "O=S(=O)(c1cccs1)N(c1cnc2ccccc2c1)n1cnnc1",
            2
        ],
        "predicted_catalysts": [
            "CC(=O)[O-].[Cu+2]"
        ],
        "predicted_reactants": [
            "Nn1cnnc1",
            "CC1(C)OB(c2cnc3ccccc3c2)OC1(C)C"
        ],
        "predicted_reagents": [
            ""
        ],
        "predicted_solvents": [
            "Cc1ccccc1"
        ],
        "reaction_smiles": "Nn1cnnc1.CC1(C)OB(c2cnc3ccccc3c2)OC1(C)C>>c1ccc2ncc(Nn3cnnc3)cc2c1",
        "target_product": [
            [
                "c1ccc2ncc(Nn3cnnc3)cc2c1"
            ]
        ],
        "total_volume": 500
    },
    {
        "final_product": [
            1,
            "no",
            "Fc1ccc(N(c2ccccn2)n2cnnc2)c(CNc2cc(Cl)ncn2)c1",
            3
        ],
        "predicted_catalysts": [
            ""
        ],
        "predicted_reactants": [
            "Nn1cnnc1",
            "Fc1ccccn1"
        ],
        "predicted_reagents": [
            "CC(C)(C)[O-].[K+]"
        ],
        "predicted_solvents": [
            ""
        ],
        "reaction_smiles": "Nn1cnnc1.Fc1ccccn1>>c1ccc(Nn2cnnc2)nc1",
        "target_product": [
            [
                "c1ccc(Nn2cnnc2)nc1"
            ]
        ],
        "total_volume": 500
    },
    {
        "final_product": [
            1,
            "yes",
            "CS(=O)(=O)Nc1ccc(Nn2cnnc2)cc1",
            1
        ],
        "predicted_catalysts": [
            "CC(=O)[O-].[Cu+2]"
        ],
        "predicted_reactants": [
            "Nn1cnnc1",
            "CS(=O)(=O)Nc1ccc(B(O)O)cc1"
        ],
        "predicted_reagents": [
            ""
        ],
        "predicted_solvents": [
            "CN(C)C=O"
        ],
        "reaction_smiles": "Nn1cnnc1.CS(=O)(=O)Nc1ccc(B(O)O)cc1>>CS(=O)(=O)Nc1ccc(Nn2cnnc2)cc1",
        "target_product": [
            [
                "CS(=O)(=O)Nc1ccc(Nn2cnnc2)cc1"
            ]
        ],
        "total_volume": 500
    },
    {
        "final_product": [
            1,
            "no",
            "O=[N+]([O-])c1ccc(N(c2ccccc2CO)S(=O)(=O)C(F)(F)F)cc1",
            2
        ],
        "predicted_catalysts": [
            ""
        ],
        "predicted_reactants": [
            "O=[N+]([O-])c1ccc(F)cc1",
            "NS(=O)(=O)C(F)(F)F"
        ],
        "predicted_reagents": [
            "O=C([O-])[O-].[K+]"
        ],
        "predicted_solvents": [
            "CS(C)=O"
        ],
        "reaction_smiles": "O=[N+]([O-])c1ccc(F)cc1.NS(=O)(=O)C(F)(F)F>>O=[N+]([O-])c1ccc(NS(=O)(=O)C(F)(F)F)cc1",
        "target_product": [
            [
                "O=[N+]([O-])c1ccc(NS(=O)(=O)C(F)(F)F)cc1"
            ]
        ],
        "total_volume": 500
    }
]