[
    {
        "final_product": [
            1,
            "no",
            "O=[N+]([O-])c1ccc(N(c2ccc(F)cc2)c2nc3ccccc3s2)cc1",
            2
        ],
        "predicted_catalysts": [
            ""
        ],
        "predicted_reactants": [
            "O=[N+]([O-])c1ccc(F)cc1",
            "Nc1nc2ccccc2s1"
        ],
        "predicted_reagents": [
            "O=C([O-])[O-].[K+]"
        ],
        "predicted_solvents": [
            "CN(C)C=O"
        ],
        "reaction_smiles": "O=[N+]([O-])c1ccc(F)cc1.Nc1nc2ccccc2s1>>O=[N+]([O-])c1ccc(Nc2nc3ccccc3s2)cc1",
        "target_product": [
            [
                "O=[N+]([O-])c1ccc(Nc2nc3ccccc3s2)cc1"
            ]
        ],
        "total_volume": 500
    },
    {
        "final_product": [
            1,
            "no",
            "Oc1ccc(CCNC2CCN(c3ccccc3Cl)C2)cc1",
            2
        ],
        "predicted_catalysts": [
            "CC(=O)[O-].[Pd+2]"
        ],
        "predicted_reactants": [
            "Clc1ccccc1Cl",
            "OC1CCNC1"
        ],
        "predicted_reagents": [
            ""
        ],
        "predicted_solvents": [
            "Cc1ccccc1"
        ],
        "reaction_smiles": "Clc1ccccc1Cl.OC1CCNC1>>OC1CCN(c2ccccc2Cl)C1",
        "target_product": [
            [
                "OC1CCN(c2ccccc2Cl)C1"
            ]
        ],
        "total_volume": 500
    },
    {
        "final_product": [
            1,
            "no",
            "COc1ccc2nc(Nc3ccc(N4CCS(=O)(=O)CC4)cc3OC)sc2c1",
            2
        ],
        "predicted_catalysts": [
            ""
        ],
        "predicted_reactants": [
            "COc1cc(Cl)ccc1Cl",
            "O=S1(=O)CCNCC1"
        ],
        "predicted_reagents": [
            ""
        ],
        "predicted_solvents": [
            "CN(C)C=O"
        ],
        "reaction_smiles": "COc1cc(Cl)ccc1Cl.O=S1(=O)CCNCC1>>COc1cc(N2CCS(=O)(=O)CC2)ccc1Cl",
        "target_product": [
            [
                "COc1cc(N2CCS(=O)(=O)CC2)ccc1Cl"
            ]
        ],
        "total_volume": 500
    },
    {
        "final_product": [
            2,
            "yes",
            "Cc1ccccc1N(C)c1ccc(Nc2nncs2)cc1C(=O)c1ccccc1",
            2
        ],
        "predicted_catalysts": [
            ""
        ],
        "predicted_reactants": [
            "Cc1ccccc1N(C)c1ccc(Cl)cc1C(=O)c1ccccc1",
            "Nc1nncs1"
        ],
        "predicted_reagents": [
            "O=C([O-])[O-].[K+]"
        ],
        "predicted_solvents": [
            "CN(C)C=O"
        ],
        "reaction_smiles": "Cc1ccccc1N(C)c1ccc(Cl)cc1C(=O)c1ccccc1.Nc1nncs1>>Cc1ccccc1N(C)c1ccc(Nc2nncs2)cc1C(=O)c1ccccc1",
        "target_product": [
            [
                "Cc1ccccc1N(C)c1ccc(Nc2nncs2)cc1C(=O)c1ccccc1"
            ]
        ],
        "total_volume": 500
    },
    {
        "final_product": [
            1,
            "yes",
            "O=[N+]([O-])c1ccc(Nc2nn[nH]n2)cc1",
            1
        ],
        "predicted_catalysts": [
            ""
        ],
        "predicted_reactants": [
            "O=[N+]([O-])c1ccc(F)cc1",
            "Nc1nn[nH]n1",
            "O"
        ],
        "predicted_reagents": [
            "c1ccncc1"
        ],
        "predicted_solvents": [
            ""
        ],
        "reaction_smiles": "O=[N+]([O-])c1ccc(F)cc1.Nc1nn[nH]n1.O>>O=[N+]([O-])c1ccc(Nc2nn[nH]n2)cc1",
        "target_product": [
            [
                "O=[N+]([O-])c1ccc(Nc2nn[nH]n2)cc1"
            ]
        ],
        "total_volume": 500
    },
    {
        "final_product": [
            1,
            "yes",
            "Cc1ccccc1NC1CCCCC1",
            1
        ],
        "predicted_catalysts": [
            ""
        ],
        "predicted_reactants": [
            "Cc1ccccc1F",
            "NC1CCCCC1"
        ],
        "predicted_reagents": [
            "O=C([O-])[O-].[K+]"
        ],
        "predicted_solvents": [
            "CS(C)=O"
        ],
        "reaction_smiles": "Cc1ccccc1F.NC1CCCCC1>>Cc1ccccc1NC1CCCCC1",
        "target_product": [
            [
                "Cc1ccccc1NC1CCCCC1"
            ]
        ],
        "total_volume": 500
    },
    {
        "final_product": [
            2,
            "no",
            "CC(C)(C)N(c1nc(N)c2nc[nH]c2n1)c1ncccc1-c1ccc(C#N)cc1",
            3
        ],
        "predicted_catalysts": [
            "c1ccc([P](c2ccccc2)(c2ccccc2)[Pd]([P](c2ccccc2)(c2ccccc2)c2ccccc2)([P](c2ccccc2)(c2ccccc2)c2ccccc2)[P](c2ccccc2)(c2ccccc2)c2ccccc2)cc1"
        ],
        "predicted_reactants": [
            "CC(C)(C)Nc1ncccc1Br",
            "CC1(C)OB(c2ccc(C#N)cc2)OC1(C)C"
        ],
        "predicted_reagents": [
            "O=C([O-])[O-].[Na+]"
        ],
        "predicted_solvents": [
            "COCCOC.O"
        ],
        "reaction_smiles": "CC(C)(C)Nc1ncccc1Br.CC1(C)OB(c2ccc(C#N)cc2)OC1(C)C>>CC(C)(C)Nc1ncccc1-c1ccc(C#N)cc1",
        "target_product": [
            [
                "CC(C)(C)Nc1ncccc1-c1ccc(C#N)cc1"
            ]
        ],
        "total_volume": 500
    },
    {
        "final_product": [
            1,
            "yes",
            "c1ccc2sc(Nn3cnnc3)nc2c1",
            1
        ],
        "predicted_catalysts": [
            ""
        ],
        "predicted_reactants": [
            "Nn1cnnc1",
            "Clc1nc2ccccc2s1"
        ],
        "predicted_reagents": [
            "CC(C)(C)[O-].[K+]"
        ],
        "predicted_solvents": [
            ""
        ],
        "reaction_smiles": "Nn1cnnc1.Clc1nc2ccccc2s1>>c1ccc2sc(Nn3cnnc3)nc2c1",
        "target_product": [
            [
                "c1ccc2sc(Nn3cnnc3)nc2c1"
            ]
        ],
        "total_volume": 500
    },
    {
        "final_product": [
            1,
            "no",
            "COc1ccc(N(c2nc3ccccc3s2)n2cnnc2)c(OC)c1",
            2
        ],
        "predicted_catalysts": [
            ""
        ],
        "predicted_reactants": [
            "Nn1cnnc1",
            "Clc1nc2ccccc2s1"
        ],
        "predicted_reagents": [
            "CC(C)(C)[O-].[K+]"
        ],
        "predicted_solvents": [
            ""
        ],
        "reaction_smiles": "Nn1cnnc1.Clc1nc2ccccc2s1>>c1ccc2sc(Nn3cnnc3)nc2c1",
        "target_product": [
            [
                "c1ccc2sc(Nn3cnnc3)nc2c1"
            ]
        ],
        "total_volume": 500
    },
    {
        "final_product": [
            1,
            "no",
            "COc1cc(N2CCS(=O)(=O)CC2)ccc1NCCO",
            2
        ],
        "predicted_catalysts": [
            ""
        ],
        "predicted_reactants": [
            "COc1cc(Cl)ccc1Cl",
            "O=S1(=O)CCNCC1"
        ],
        "predicted_reagents": [
            ""
        ],
        "predicted_solvents": [
            "CN(C)C=O"
        ],
        "reaction_smiles": "COc1cc(Cl)ccc1Cl.O=S1(=O)CCNCC1>>COc1cc(N2CCS(=O)(=O)CC2)ccc1Cl",
        "target_product": [
            [
                "COc1cc(N2CCS(=O)(=O)CC2)ccc1Cl"
            ]
        ],
        "total_volume": 500
    },
    {
        "final_product": [
            2,
            "yes",
            "O=[N+]([O-])c1ccc(N(Cc2ccc(Cl)cc2)c2ccccc2-c2ccccc2)cc1",
            2
        ],
        "predicted_catalysts": [
            ""
        ],
        "predicted_reactants": [
            "O=[N+]([O-])c1ccc(Nc2ccccc2-c2ccccc2)cc1",
            "OCc1ccc(Cl)cc1"
        ],
        "predicted_reagents": [
            "Cc1ccc(S(=O)(=O)O)cc1"
        ],
        "predicted_solvents": [
            "Cc1ccccc1"
        ],
        "reaction_smiles": "O=[N+]([O-])c1ccc(Nc2ccccc2-c2ccccc2)cc1.OCc1ccc(Cl)cc1>>O=[N+]([O-])c1ccc(N(Cc2ccc(Cl)cc2)c2ccccc2-c2ccccc2)cc1",
        "target_product": [
            [
                "O=[N+]([O-])c1ccc(N(Cc2ccc(Cl)cc2)c2ccccc2-c2ccccc2)cc1"
            ]
        ],
        "total_volume": 500
    },
    {
        "final_product": [
            1,
            "yes",
            "O=[N+]([O-])c1ccc(Nc2nc3ccccc3s2)cc1",
            1
        ],
        "predicted_catalysts": [
            ""
        ],
        "predicted_reactants": [
            "O=[N+]([O-])c1ccc(F)cc1",
            "Nc1nc2ccccc2s1"
        ],
        "predicted_reagents": [
            "O=C([O-])[O-].[K+]"
        ],
        "predicted_solvents": [
            "CN(C)C=O"
        ],
        "reaction_smiles": "O=[N+]([O-])c1ccc(F)cc1.Nc1nc2ccccc2s1>>O=[N+]([O-])c1ccc(Nc2nc3ccccc3s2)cc1",
        "target_product": [
            [
                "O=[N+]([O-])c1ccc(Nc2nc3ccccc3s2)cc1"
            ]
        ],
        "total_volume": 500
    },
    {
        "final_product": [
            1,
            "no",
            "c1ccc(N(c2nc3ccccc3s2)n2cnnc2)nc1",
            2
        ],
        "predicted_catalysts": [
            ""
        ],
        "predicted_reactants": [
            "Nn1cnnc1",
            "Clc1nc2ccccc2s1"
        ],
        "predicted_reagents": [
            "CC(C)(C)[O-].[K+]"
        ],
        "predicted_solvents": [
            ""
        ],
        "reaction_smiles": "Nn1cnnc1.Clc1nc2ccccc2s1>>c1ccc2sc(Nn3cnnc3)nc2c1",
        "target_product": [
            [
                "c1ccc2sc(Nn3cnnc3)nc2c1"
            ]
        ],
        "total_volume": 500
    },
    {
        "final_product": [
            1,
            "yes",
            "COc1cccc(Nc2ncccn2)c1",
            1
        ],
        "predicted_catalysts": [
            "O=C(/C=C/C1=CC=CC=C1)/C=C/C1=CC=CC=C1.[Pd]"
        ],
        "predicted_reactants": [
            "C1=CN=C(N=C1)N",
            "COc1cccc(Cl)c1"
        ],
        "predicted_reagents": [
            "CC(C)(C)[O-].[Na+]"
        ],
        "predicted_solvents": [
            "C1COCCO1"
        ],
        "reaction_smiles": "C1=CN=C(N=C1)N.COc1cccc(Cl)c1>>COc1cccc(Nc2ncccn2)c1",
        "target_product": [
            [
                "COc1cccc(Nc2ncccn2)c1"
            ]
        ],
        "total_volume": 500
    },
    {
        "final_product": [
            1,
            "yes",
            "COc1cc(N2CCS(=O)(=O)CC2)ccc1Cl",
            1
        ],
        "predicted_catalysts": [
            ""
        ],
        "predicted_reactants": [
            "COc1cc(Cl)ccc1Cl",
            "O=S1(=O)CCNCC1"
        ],
        "predicted_reagents": [
            ""
        ],
        "predicted_solvents": [
            "CN(C)C=O"
        ],
        "reaction_smiles": "COc1cc(Cl)ccc1Cl.O=S1(=O)CCNCC1>>COc1cc(N2CCS(=O)(=O)CC2)ccc1Cl",
        "target_product": [
            [
                "COc1cc(N2CCS(=O)(=O)CC2)ccc1Cl"
            ]
        ],
        "total_volume": 500
    },
    {
        "final_product": [
            1,
            "no",
            "COc1ccc(CN(C)c2ccc(N3CCS(=O)(=O)CC3)cc2OC)cc1",
            2
        ],
        "predicted_catalysts": [
            ""
        ],
        "predicted_reactants": [
            "COc1cc(Cl)ccc1Cl",
            "O=S1(=O)CCNCC1"
        ],
        "predicted_reagents": [
            ""
        ],
        "predicted_solvents": [
            "CN(C)C=O"
        ],
        "reaction_smiles": "COc1cc(Cl)ccc1Cl.O=S1(=O)CCNCC1>>COc1cc(N2CCS(=O)(=O)CC2)ccc1Cl",
        "target_product": [
            [
                "COc1cc(N2CCS(=O)(=O)CC2)ccc1Cl"
            ]
        ],
        "total_volume": 500
    },
    {
        "final_product": [
            1,
            "yes",
            "NCc1ccc(Nc2ncccn2)nc1",
            1
        ],
        "predicted_catalysts": [
            ""
        ],
        "predicted_reactants": [
            "C1=CN=C(N=C1)N",
            "NCc1ccc(Cl)nc1"
        ],
        "predicted_reagents": [
            "CC(C)(C)[O-].[K+]"
        ],
        "predicted_solvents": [
            "C1COCCO1"
        ],
        "reaction_smiles": "C1=CN=C(N=C1)N.NCc1ccc(Cl)nc1>>NCc1ccc(Nc2ncccn2)nc1",
        "target_product": [
            [
                "NCc1ccc(Nc2ncccn2)nc1"
            ]
        ],
        "total_volume": 500
    },
    {
        "final_product": [
            1,
            "yes",
            "c1cnc(Nc2cnc3ccccc3n2)nc1",
            1
        ],
        "predicted_catalysts": [
            ""
        ],
        "predicted_reactants": [
            "C1=CN=C(N=C1)N",
            "Clc1cnc2ccccc2n1"
        ],
        "predicted_reagents": [
            "O=C([O-])[O-].[Cs+]"
        ],
        "predicted_solvents": [
            "C1COCCO1"
        ],
        "reaction_smiles": "C1=CN=C(N=C1)N.Clc1cnc2ccccc2n1>>c1cnc(Nc2cnc3ccccc3n2)nc1",
        "target_product": [
            [
                "c1cnc(Nc2cnc3ccccc3n2)nc1"
            ]
        ],
        "total_volume": 500
    },
    {
        "final_product": [
            1,
            "yes",
            "N#CNc1nc2ccccc2s1",
            1
        ],
        "predicted_catalysts": [
            ""
        ],
        "predicted_reactants": [
            "N#CN",
            "Clc1nc2ccccc2s1"
        ],
        "predicted_reagents": [
            "O=C([O-])[O-].[K+]"
        ],
        "predicted_solvents": [
            ""
        ],
        "reaction_smiles": "N#CN.Clc1nc2ccccc2s1>>N#CNc1nc2ccccc2s1",
        "target_product": [
            [
                "N#CNc1nc2ccccc2s1"
            ]
        ],
        "total_volume": 500
    },
    {
        "final_product": [
            1,
            "no",
            "N#Cc1cnc(Nc2nc3ccc(Br)cc3s2)cc1N1CCS(=O)(=O)CC1",
            2
        ],
        "predicted_catalysts": [
            ""
        ],
        "predicted_reactants": [
            "C1=C(C(=CN=C1Cl)C#N)Cl",
            "O=S1(=O)CCNCC1"
        ],
        "predicted_reagents": [
            "CCN(CC)CC"
        ],
        "predicted_solvents": [
            "CN(C)C=O"
        ],
        "reaction_smiles": "C1=C(C(=CN=C1Cl)C#N)Cl.O=S1(=O)CCNCC1>>N#Cc1cnc(Cl)cc1N1CCS(=O)(=O)CC1",
        "target_product": [
            [
                "N#Cc1cnc(Cl)cc1N1CCS(=O)(=O)CC1"
            ]
        ],
        "total_volume": 500
    },
    {
        "final_product": [
            1,
            "no",
            "COc1ccc2nc(N(c3ccccc3C)S(=O)(=O)c3cccs3)sc2c1",
            2
        ],
        "predicted_catalysts": [
            ""
        ],
        "predicted_reactants": [
            "Cc1ccccc1F",
            "COc1ccc2nc(N)sc2c1"
        ],
        "predicted_reagents": [
            "CC(C)(C)[O-].[K+]"
        ],
        "predicted_solvents": [
            "CN1CCCC1=O"
        ],
        "reaction_smiles": "Cc1ccccc1F.COc1ccc2nc(N)sc2c1>>COc1ccc2nc(Nc3ccccc3C)sc2c1",
        "target_product": [
            [
                "COc1ccc2nc(Nc3ccccc3C)sc2c1"
            ]
        ],
        "total_volume": 500
    },
    {
        "final_product": [
            1,
            "yes",
            "COc1ccc2nc(Nc3ccccc3C)sc2c1",
            1
        ],
        "predicted_catalysts": [
            ""
        ],
        "predicted_reactants": [
            "Cc1ccccc1F",
            "COc1ccc2nc(N)sc2c1"
        ],
        "predicted_reagents": [
            "CC(C)(C)[O-].[K+]"
        ],
        "predicted_solvents": [
            "CN1CCCC1=O"
        ],
        "reaction_smiles": "Cc1ccccc1F.COc1ccc2nc(N)sc2c1>>COc1ccc2nc(Nc3ccccc3C)sc2c1",
        "target_product": [
            [
                "COc1ccc2nc(Nc3ccccc3C)sc2c1"
            ]
        ],
        "total_volume": 500
    },
    {
        "final_product": [
            2,
            "yes",
            "N#Cc1ccc(Nc2ccc(-c3ccccc3)cc2)cc1",
            2
        ],
        "predicted_catalysts": [
            ""
        ],
        "predicted_reactants": [
            "Nc1ccc(-c2ccccc2)cc1",
            "N#Cc1ccc(Cl)cc1"
        ],
        "predicted_reagents": [
            "CC(C)(C)[O-].[K+]"
        ],
        "predicted_solvents": [
            "C1COCCO1"
        ],
        "reaction_smiles": "Nc1ccc(-c2ccccc2)cc1.N#Cc1ccc(Cl)cc1>>N#Cc1ccc(Nc2ccc(-c3ccccc3)cc2)cc1",
        "target_product": [
            [
                "N#Cc1ccc(Nc2ccc(-c3ccccc3)cc2)cc1"
            ]
        ],
        "total_volume": 500
    },
    {
        "final_product": [
            2,
            "yes",
            "Fc1cccc(F)c1-c1ccc2nc(Nc3ccc(C(F)(F)F)cn3)sc2c1",
            2
        ],
        "predicted_catalysts": [
            "c1ccc([P](c2ccccc2)(c2ccccc2)[Pd]([P](c2ccccc2)(c2ccccc2)c2ccccc2)([P](c2ccccc2)(c2ccccc2)c2ccccc2)[P](c2ccccc2)(c2ccccc2)c2ccccc2)cc1"
        ],
        "predicted_reactants": [
            "FC(F)(F)c1ccc(Nc2nc3ccc(Br)cc3s2)nc1",
            "OB(O)c1c(F)cccc1F"
        ],
        "predicted_reagents": [
            "O=C([O-])[O-].[Na+]"
        ],
        "predicted_solvents": [
            "COCCOC.O"
        ],
        "reaction_smiles": "FC(F)(F)c1ccc(Nc2nc3ccc(Br)cc3s2)nc1.OB(O)c1c(F)cccc1F>>Fc1cccc(F)c1-c1ccc2nc(Nc3ccc(C(F)(F)F)cn3)sc2c1",
        "target_product": [
            [
                "Fc1cccc(F)c1-c1ccc2nc(Nc3ccc(C(F)(F)F)cn3)sc2c1"
            ]
        ],
        "total_volume": 500
    },
    {
        "final_product": [
            1,
            "no",
            "N#CN(c1nc2ccccc2s1)S(=O)(=O)c1ccccc1",
            2
        ],
        "predicted_catalysts": [
            ""
        ],
        "predicted_reactants": [
            "N#CN",
            "Clc1nc2ccccc2s1"
        ],
        "predicted_reagents": [
            "O=C([O-])[O-].[K+]"
        ],
        "predicted_solvents": [
            ""
        ],
        "reaction_smiles": "N#CN.Clc1nc2ccccc2s1>>N#CNc1nc2ccccc2s1",
        "target_product": [
            [
                "N#CNc1nc2ccccc2s1"
            ]
        ],
        "total_volume": 500
    },
    {
        "final_product": [
            1,
            "yes",
            "Cc1cc(C)c(Nc2ccc(CN)cn2)c(C)c1",
            1
        ],
        "predicted_catalysts": [
            ""
        ],
        "predicted_reactants": [
            "CC1=CC(=C(C(=C1)C)N)C",
            "NCc1ccc(Cl)nc1"
        ],
        "predicted_reagents": [
            "CC(C)(C)[O-].[Na+]"
        ],
        "predicted_solvents": [
            "Cc1ccccc1"
        ],
        "reaction_smiles": "CC1=CC(=C(C(=C1)C)N)C.NCc1ccc(Cl)nc1>>Cc1cc(C)c(Nc2ccc(CN)cn2)c(C)c1",
        "target_product": [
            [
                "Cc1cc(C)c(Nc2ccc(CN)cn2)c(C)c1"
            ]
        ],
        "total_volume": 500
    },
    {
        "final_product": [
            1,
            "no",
            "c1ccc2sc(N(c3ccc4c(c3)OCO4)n3cnnc3)nc2c1",
            2
        ],
        "predicted_catalysts": [
            ""
        ],
        "predicted_reactants": [
            "Nn1cnnc1",
            "Clc1nc2ccccc2s1"
        ],
        "predicted_reagents": [
            "CC(C)(C)[O-].[K+]"
        ],
        "predicted_solvents": [
            ""
        ],
        "reaction_smiles": "Nn1cnnc1.Clc1nc2ccccc2s1>>c1ccc2sc(Nn3cnnc3)nc2c1",
        "target_product": [
            [
                "c1ccc2sc(Nn3cnnc3)nc2c1"
            ]
        ],
        "total_volume": 500
    },
    {
        "final_product": [
            1,
            "no",
            "O=C(c1sc2ccccc2c1Cl)N(c1ccc([N+](=O)[O-])cc1)c1nn[nH]n1",
            2
        ],
        "predicted_catalysts": [
            ""
        ],
        "predicted_reactants": [
            "O=[N+]([O-])c1ccc(F)cc1",
            "Nc1nn[nH]n1",
            "O"
        ],
        "predicted_reagents": [
            "c1ccncc1"
        ],
        "predicted_solvents": [
            ""
        ],
        "reaction_smiles": "O=[N+]([O-])c1ccc(F)cc1.Nc1nn[nH]n1.O>>O=[N+]([O-])c1ccc(Nc2nn[nH]n2)cc1",
        "target_product": [
            [
                "O=[N+]([O-])c1ccc(Nc2nn[nH]n2)cc1"
            ]
        ],
        "total_volume": 500
    }
]
