[
    {
        "final_product": [
            1,
            "yes",
            "CN(C)c1ccc(CNc2cccc(OC(F)(F)F)c2)cc1",
            1
        ],
        "predicted_catalysts": [
            ""
        ],
        "predicted_reactants": [
            "CN(C)C1=CC=C(C=C1)C=O",
            "Nc1cccc(OC(F)(F)F)c1"
        ],
        "predicted_reagents": [
            "[H][B-](OC(C)=O)(OC(C)=O)OC(C)=O.[Na+].CC(=O)O"
        ],
        "predicted_solvents": [
            "ClCCCl"
        ],
        "reaction_smiles": "CN(C)C1=CC=C(C=C1)C=O.Nc1cccc(OC(F)(F)F)c1>>CN(C)c1ccc(CNc2cccc(OC(F)(F)F)c2)cc1",
        "target_product": [
            [
                "CN(C)c1ccc(CNc2cccc(OC(F)(F)F)c2)cc1"
            ]
        ],
        "total_volume": 500
    },
    {
        "final_product": [
            1,
            "yes",
            "O=C(Nc1ncccn1)c1sc2cc(F)ccc2c1Cl",
            1
        ],
        "predicted_catalysts": [
            ""
        ],
        "predicted_reactants": [
            "C1=CN=C(N=C1)N",
            "O=C(Cl)c1sc2cc(F)ccc2c1Cl"
        ],
        "predicted_reagents": [
            "c1ccncc1"
        ],
        "predicted_solvents": [
            ""
        ],
        "reaction_smiles": "C1=CN=C(N=C1)N.O=C(Cl)c1sc2cc(F)ccc2c1Cl>>O=C(Nc1ncccn1)c1sc2cc(F)ccc2c1Cl",
        "target_product": [
            [
                "O=C(Nc1ncccn1)c1sc2cc(F)ccc2c1Cl"
            ]
        ],
        "total_volume": 500
    },
    {
        "final_product": [
            1,
            "yes",
            "Cc1cc(C)c(NC(=O)c2ccno2)c(C)c1",
            1
        ],
        "predicted_catalysts": [
            ""
        ],
        "predicted_reactants": [
            "CC1=CC(=C(C(=C1)C)N)C",
            "O=C(O)c1ccno1"
        ],
        "predicted_reagents": [
            "O=S(Cl)Cl.CCN(CC)CC"
        ],
        "predicted_solvents": [
            "ClCCl"
        ],
        "reaction_smiles": "CC1=CC(=C(C(=C1)C)N)C.O=C(O)c1ccno1>>Cc1cc(C)c(NC(=O)c2ccno2)c(C)c1",
        "target_product": [
            [
                "Cc1cc(C)c(NC(=O)c2ccno2)c(C)c1"
            ]
        ],
        "total_volume": 500
    },
    {
        "final_product": [
            2,
            "yes",
            "COc1ccc(N(c2nc3ccccc3s2)n2cnnc2)c(OC)c1",
            2
        ],
        "predicted_catalysts": [
            "CC(=O)[O-].[Cu+2]"
        ],
        "predicted_reactants": [
            "c1ccc2sc(Nn3cnnc3)nc2c1",
            "COc1ccc(B(O)O)c(OC)c1"
        ],
        "predicted_reagents": [
            "c1ccncc1"
        ],
        "predicted_solvents": [
            "ClCCl"
        ],
        "reaction_smiles": "c1ccc2sc(Nn3cnnc3)nc2c1.COc1ccc(B(O)O)c(OC)c1>>COc1ccc(N(c2nc3ccccc3s2)n2cnnc2)c(OC)c1",
        "target_product": [
            [
                "COc1ccc(N(c2nc3ccccc3s2)n2cnnc2)c(OC)c1"
            ]
        ],
        "total_volume": 500
    },
    {
        "final_product": [
            1,
            "yes",
            "Cc1cccc(CNc2ncn[nH]2)c1",
            1
        ],
        "predicted_catalysts": [
            ""
        ],
        "predicted_reactants": [
            "Nc1ncn[nH]1",
            "Cc1cccc(C=O)c1"
        ],
        "predicted_reagents": [
            "[BH3-]C#N.[Na+].CC(=O)O"
        ],
        "predicted_solvents": [
            "CO"
        ],
        "reaction_smiles": "Nc1ncn[nH]1.Cc1cccc(C=O)c1>>Cc1cccc(CNc2ncn[nH]2)c1",
        "target_product": [
            [
                "Cc1cccc(CNc2ncn[nH]2)c1"
            ]
        ],
        "total_volume": 500
    },
    {
        "final_product": [
            2,
            "yes",
            "COc1ccc(NC(=O)Nc2ccncc2Nn2cnnc2)cc1",
            2
        ],
        "predicted_catalysts": [
            ""
        ],
        "predicted_reactants": [
            "Nc1ccncc1Nn1cnnc1",
            "COc1ccc(N=C=O)cc1"
        ],
        "predicted_reagents": [
            "CCN(CC)CC"
        ],
        "predicted_solvents": [
            "C1CCOC1"
        ],
        "reaction_smiles": "Nc1ccncc1Nn1cnnc1.COc1ccc(N=C=O)cc1>>COc1ccc(NC(=O)Nc2ccncc2Nn2cnnc2)cc1",
        "target_product": [
            [
                "COc1ccc(NC(=O)Nc2ccncc2Nn2cnnc2)cc1"
            ]
        ],
        "total_volume": 500
    },
    {
        "final_product": [
            2,
            "yes",
            "O=S(=O)(c1cccs1)N(c1cnc2ccccc2c1)n1cnnc1",
            2
        ],
        "predicted_catalysts": [
            ""
        ],
        "predicted_reactants": [
            "c1ccc2ncc(Nn3cnnc3)cc2c1",
            "O=S(=O)(Cl)c1cccs1"
        ],
        "predicted_reagents": [
            "O=C([O-])[O-].[K+]"
        ],
        "predicted_solvents": [
            "ClCCl"
        ],
        "reaction_smiles": "c1ccc2ncc(Nn3cnnc3)cc2c1.O=S(=O)(Cl)c1cccs1>>O=S(=O)(c1cccs1)N(c1cnc2ccccc2c1)n1cnnc1",
        "target_product": [
            [
                "O=S(=O)(c1cccs1)N(c1cnc2ccccc2c1)n1cnnc1"
            ]
        ],
        "total_volume": 500
    },
    {
        "final_product": [
            1,
            "yes",
            "N#CNS(=O)(=O)c1ccccc1",
            1
        ],
        "predicted_catalysts": [
            ""
        ],
        "predicted_reactants": [
            "N#CN",
            "O=S(=O)(Cl)c1ccccc1"
        ],
        "predicted_reagents": [
            "[Na+].[OH-]"
        ],
        "predicted_solvents": [
            ""
        ],
        "reaction_smiles": "N#CN.O=S(=O)(Cl)c1ccccc1>>N#CNS(=O)(=O)c1ccccc1",
        "target_product": [
            [
                "N#CNS(=O)(=O)c1ccccc1"
            ]
        ],
        "total_volume": 500
    },
    {
        "final_product": [
            2,
            "yes",
            "O=S(=O)(O)c1ccc(NCc2ccc(-c3ccsc3)s2)cc1",
            2
        ],
        "predicted_catalysts": [
            ""
        ],
        "predicted_reactants": [
            "O=Cc1ccc(-c2ccsc2)s1",
            "Nc1ccc(S(=O)(=O)O)cc1"
        ],
        "predicted_reagents": [
            "[BH3-]C#N.[Na+].CC(=O)O"
        ],
        "predicted_solvents": [
            ""
        ],
        "reaction_smiles": "O=Cc1ccc(-c2ccsc2)s1.Nc1ccc(S(=O)(=O)O)cc1>>O=S(=O)(O)c1ccc(NCc2ccc(-c3ccsc3)s2)cc1",
        "target_product": [
            [
                "O=S(=O)(O)c1ccc(NCc2ccc(-c3ccsc3)s2)cc1"
            ]
        ],
        "total_volume": 500
    },
    {
        "final_product": [
            1,
            "yes",
            "O=C(NCc1ccccc1)Nc1nn[nH]n1",
            1
        ],
        "predicted_catalysts": [
            ""
        ],
        "predicted_reactants": [
            "O=C=NCc1ccccc1",
            "Nc1nn[nH]n1",
            "O"
        ],
        "predicted_reagents": [
            ""
        ],
        "predicted_solvents": [
            "C1CCOC1"
        ],
        "reaction_smiles": "O=C=NCc1ccccc1.Nc1nn[nH]n1.O>>O=C(NCc1ccccc1)Nc1nn[nH]n1",
        "target_product": [
            [
                "O=C(NCc1ccccc1)Nc1nn[nH]n1"
            ]
        ],
        "total_volume": 500
    },
    {
        "final_product": [
            2,
            "yes",
            "Fc1ccc(Nn2cnnc2)c(CNNc2ccccc2)c1",
            2
        ],
        "predicted_catalysts": [
            ""
        ],
        "predicted_reactants": [
            "O=Cc1cc(F)ccc1Nn1cnnc1",
            "NNc1ccccc1"
        ],
        "predicted_reagents": [
            "[BH3-]C#N.[Na+].CC(=O)O"
        ],
        "predicted_solvents": [
            "CO"
        ],
        "reaction_smiles": "O=Cc1cc(F)ccc1Nn1cnnc1.NNc1ccccc1>>Fc1ccc(Nn2cnnc2)c(CNNc2ccccc2)c1",
        "target_product": [
            [
                "Fc1ccc(Nn2cnnc2)c(CNNc2ccccc2)c1"
            ]
        ],
        "total_volume": 500
    },
    {
        "final_product": [
            1,
            "yes",
            "COc1cccc(OC)c1NCc1cncs1",
            1
        ],
        "predicted_catalysts": [
            ""
        ],
        "predicted_reactants": [
            "COc1cccc(OC)c1N",
            "O=Cc1cncs1"
        ],
        "predicted_reagents": [
            "[H][B-](OC(C)=O)(OC(C)=O)OC(C)=O.[Na+].CC(=O)O"
        ],
        "predicted_solvents": [
            ""
        ],
        "reaction_smiles": "COc1cccc(OC)c1N.O=Cc1cncs1>>COc1cccc(OC)c1NCc1cncs1",
        "target_product": [
            [
                "COc1cccc(OC)c1NCc1cncs1"
            ]
        ],
        "total_volume": 500
    },
    {
        "final_product": [
            2,
            "yes",
            "CCn1c2ccccc2c2cc(CNc3ccncc3Nn3cnnc3)ccc21",
            2
        ],
        "predicted_catalysts": [
            ""
        ],
        "predicted_reactants": [
            "Nc1ccncc1Nn1cnnc1",
            "CCn1c2ccccc2c2cc(C=O)ccc21"
        ],
        "predicted_reagents": [
            "[BH3-]C#N.[Na+].CC(=O)O"
        ],
        "predicted_solvents": [
            "C1CCOC1.CO"
        ],
        "reaction_smiles": "Nc1ccncc1Nn1cnnc1.CCn1c2ccccc2c2cc(C=O)ccc21>>CCn1c2ccccc2c2cc(CNc3ccncc3Nn3cnnc3)ccc21",
        "target_product": [
            [
                "CCn1c2ccccc2c2cc(CNc3ccncc3Nn3cnnc3)ccc21"
            ]
        ],
        "total_volume": 500
    },
    {
        "final_product": [
            1,
            "yes",
            "CN(C)c1ccc(CNCc2ccc(C#N)cc2)cc1[N+](=O)[O-]",
            1
        ],
        "predicted_catalysts": [
            ""
        ],
        "predicted_reactants": [
            "N#Cc1ccc(CN)cc1",
            "CN(C)c1ccc(C=O)cc1[N+](=O)[O-]"
        ],
        "predicted_reagents": [
            "[BH3-]C#N.[Na+].CC(=O)O"
        ],
        "predicted_solvents": [
            "CO.CO"
        ],
        "reaction_smiles": "N#Cc1ccc(CN)cc1.CN(C)c1ccc(C=O)cc1[N+](=O)[O-]>>CN(C)c1ccc(CNCc2ccc(C#N)cc2)cc1[N+](=O)[O-]",
        "target_product": [
            [
                "CN(C)c1ccc(CNCc2ccc(C#N)cc2)cc1[N+](=O)[O-]"
            ]
        ],
        "total_volume": 500
    },
    {
        "final_product": [
            1,
            "yes",
            "c1cc2cn[nH]c2cc1NCC1CCCCC1",
            1
        ],
        "predicted_catalysts": [
            ""
        ],
        "predicted_reactants": [
            "O=CC1CCCCC1",
            "Nc1ccc2cn[nH]c2c1"
        ],
        "predicted_reagents": [
            "[H][B-](OC(C)=O)(OC(C)=O)OC(C)=O.[Na+].CC(=O)O"
        ],
        "predicted_solvents": [
            "C1CCOC1"
        ],
        "reaction_smiles": "O=CC1CCCCC1.Nc1ccc2cn[nH]c2c1>>c1cc2cn[nH]c2cc1NCC1CCCCC1",
        "target_product": [
            [
                "c1cc2cn[nH]c2cc1NCC1CCCCC1"
            ]
        ],
        "total_volume": 500
    },
    {
        "final_product": [
            2,
            "yes",
            "O=[N+]([O-])c1ccc(N(c2ccccc2CO)S(=O)(=O)C(F)(F)F)cc1",
            2
        ],
        "predicted_catalysts": [
            ""
        ],
        "predicted_reactants": [
            "O=[N+]([O-])c1ccc(NS(=O)(=O)C(F)(F)F)cc1",
            "OCc1ccccc1F"
        ],
        "predicted_reagents": [
            "O=C([O-])[O-].[K+]"
        ],
        "predicted_solvents": [
            "CN(C)C=O.CN(C)C=O"
        ],
        "reaction_smiles": "O=[N+]([O-])c1ccc(NS(=O)(=O)C(F)(F)F)cc1.OCc1ccccc1F>>O=[N+]([O-])c1ccc(N(c2ccccc2CO)S(=O)(=O)C(F)(F)F)cc1",
        "target_product": [
            [
                "O=[N+]([O-])c1ccc(N(c2ccccc2CO)S(=O)(=O)C(F)(F)F)cc1"
            ]
        ],
        "total_volume": 500
    },
    {
        "final_product": [
            1,
            "yes",
            "Fc1ccc(Nc2ncccn2)cc1",
            1
        ],
        "predicted_catalysts": [
            "CC(=O)[O-].[Cu+2]"
        ],
        "predicted_reactants": [
            "C1=CN=C(N=C1)N",
            "OB(O)c1ccc(F)cc1"
        ],
        "predicted_reagents": [
            "CCN(CC)CC"
        ],
        "predicted_solvents": [
            "ClCCl"
        ],
        "reaction_smiles": "C1=CN=C(N=C1)N.OB(O)c1ccc(F)cc1>>Fc1ccc(Nc2ncccn2)cc1",
        "target_product": [
            [
                "Fc1ccc(Nc2ncccn2)cc1"
            ]
        ],
        "total_volume": 500
    },
    {
        "final_product": [
            1,
            "yes",
            "Clc1ccc(CNc2ccsc2)cn1",
            1
        ],
        "predicted_catalysts": [
            "CC(=O)[O-].[Cu+2]"
        ],
        "predicted_reactants": [
            "C1=CC(=NC=C1CN)Cl",
            "OB(O)c1ccsc1"
        ],
        "predicted_reagents": [
            "c1ccncc1"
        ],
        "predicted_solvents": [
            "ClCCl"
        ],
        "reaction_smiles": "C1=CC(=NC=C1CN)Cl.OB(O)c1ccsc1>>Clc1ccc(CNc2ccsc2)cn1",
        "target_product": [
            [
                "Clc1ccc(CNc2ccsc2)cn1"
            ]
        ],
        "total_volume": 500
    },
    {
        "final_product": [
            1,
            "no",
            "Cc1c(C(=O)Nn2cnnc2)cccc1-c1cnc2ccccc2c1",
            2
        ],
        "predicted_catalysts": [
            ""
        ],
        "predicted_reactants": [
            "Nn1cnnc1",
            "Cc1c(Br)cccc1C(=O)O"
        ],
        "predicted_reagents": [
            "On1nnc2ccccc21.CCN=C=NCCCN(C)C.Cl"
        ],
        "predicted_solvents": [
            "ClCCl"
        ],
        "reaction_smiles": "Nn1cnnc1.Cc1c(Br)cccc1C(=O)O>>Cc1c(Br)cccc1C(=O)Nn1cnnc1",
        "target_product": [
            [
                "Cc1c(Br)cccc1C(=O)Nn1cnnc1"
            ]
        ],
        "total_volume": 500
    },
    {
        "final_product": [
            2,
            "yes",
            "Cc1ccccc1N(c1ccc2c(C(F)(F)F)cc(=O)oc2c1)S(=O)(=O)c1cccs1",
            2
        ],
        "predicted_catalysts": [
            ""
        ],
        "predicted_reactants": [
            "Cc1ccccc1Nc1ccc2c(C(F)(F)F)cc(=O)oc2c1",
            "O=S(=O)(Cl)c1cccs1"
        ],
        "predicted_reagents": [
            "CN(C)c1ccncc1.CCN(C(C)C)C(C)C"
        ],
        "predicted_solvents": [
            "ClCCl"
        ],
        "reaction_smiles": "Cc1ccccc1Nc1ccc2c(C(F)(F)F)cc(=O)oc2c1.O=S(=O)(Cl)c1cccs1>>Cc1ccccc1N(c1ccc2c(C(F)(F)F)cc(=O)oc2c1)S(=O)(=O)c1cccs1",
        "target_product": [
            [
                "Cc1ccccc1N(c1ccc2c(C(F)(F)F)cc(=O)oc2c1)S(=O)(=O)c1cccs1"
            ]
        ],
        "total_volume": 500
    },
    {
        "final_product": [
            1,
            "no",
            "COc1ccc(-c2cccc(C(=O)Nn3cnnc3)c2C)cc1",
            2
        ],
        "predicted_catalysts": [
            ""
        ],
        "predicted_reactants": [
            "Nn1cnnc1",
            "Cc1c(Br)cccc1C(=O)O"
        ],
        "predicted_reagents": [
            "On1nnc2ccccc21.CCN=C=NCCCN(C)C.Cl"
        ],
        "predicted_solvents": [
            "ClCCl"
        ],
        "reaction_smiles": "Nn1cnnc1.Cc1c(Br)cccc1C(=O)O>>Cc1c(Br)cccc1C(=O)Nn1cnnc1",
        "target_product": [
            [
                "Cc1c(Br)cccc1C(=O)Nn1cnnc1"
            ]
        ],
        "total_volume": 500
    },
    {
        "final_product": [
            2,
            "yes",
            "CCCCCN(c1cnc2ccccc2c1)n1cnnc1",
            2
        ],
        "predicted_catalysts": [
            ""
        ],
        "predicted_reactants": [
            "c1ccc2ncc(Nn3cnnc3)cc2c1",
            "CCCCCO"
        ],
        "predicted_reagents": [
            "c1ccc(P(c2ccccc2)c2ccccc2)cc1.CC(C)OC(=O)N=NC(=O)OC(C)C"
        ],
        "predicted_solvents": [
            "CN(C)C=O"
        ],
        "reaction_smiles": "c1ccc2ncc(Nn3cnnc3)cc2c1.CCCCCO>>CCCCCN(c1cnc2ccccc2c1)n1cnnc1",
        "target_product": [
            [
                "CCCCCN(c1cnc2ccccc2c1)n1cnnc1"
            ]
        ],
        "total_volume": 500
    },
    {
        "final_product": [
            2,
            "yes",
            "Clc1ccc(Nc2ccc(-c3ccccc3)cc2)cc1",
            2
        ],
        "predicted_catalysts": [
            "CC(=O)[O-].[Cu+2]"
        ],
        "predicted_reactants": [
            "Nc1ccc(-c2ccccc2)cc1",
            "OB(O)c1ccc(Cl)cc1"
        ],
        "predicted_reagents": [
            "c1ccncc1"
        ],
        "predicted_solvents": [
            "ClCCl"
        ],
        "reaction_smiles": "Nc1ccc(-c2ccccc2)cc1.OB(O)c1ccc(Cl)cc1>>Clc1ccc(Nc2ccc(-c3ccccc3)cc2)cc1",
        "target_product": [
            [
                "Clc1ccc(Nc2ccc(-c3ccccc3)cc2)cc1"
            ]
        ],
        "total_volume": 500
    },
    {
        "final_product": [
            2,
            "no",
            "Fc1ccc(N(c2ccccn2)n2cnnc2)c(CNc2cc(Cl)ncn2)c1",
            3
        ],
        "predicted_catalysts": [
            "CC(=O)[O-].[Cu+2]"
        ],
        "predicted_reactants": [
            "c1ccc(Nn2cnnc2)nc1",
            "O=Cc1cc(F)ccc1B(O)O"
        ],
        "predicted_reagents": [
            "c1ccncc1"
        ],
        "predicted_solvents": [
            "ClCCl"
        ],
        "reaction_smiles": "c1ccc(Nn2cnnc2)nc1.O=Cc1cc(F)ccc1B(O)O>>O=Cc1cc(F)ccc1N(c1ccccn1)n1cnnc1",
        "target_product": [
            [
                "O=Cc1cc(F)ccc1N(c1ccccn1)n1cnnc1"
            ]
        ],
        "total_volume": 500
    },
    {
        "final_product": [
            2,
            "yes",
            "O=[N+]([O-])c1ccc2nc(N(CCNCC3CCCCC3)c3cc4ccccc4o3)sc2c1",
            2
        ],
        "predicted_catalysts": [
            ""
        ],
        "predicted_reactants": [
            "O=[N+]([O-])c1ccc2nc(Nc3cc4ccccc4o3)sc2c1",
            "OCCNCC1CCCCC1"
        ],
        "predicted_reagents": [
            "CCOC(=O)N=NC(=O)OCC"
        ],
        "predicted_solvents": [
            "C1CCOC1"
        ],
        "reaction_smiles": "O=[N+]([O-])c1ccc2nc(Nc3cc4ccccc4o3)sc2c1.OCCNCC1CCCCC1>>O=[N+]([O-])c1ccc2nc(N(CCNCC3CCCCC3)c3cc4ccccc4o3)sc2c1",
        "target_product": [
            [
                "O=[N+]([O-])c1ccc2nc(N(CCNCC3CCCCC3)c3cc4ccccc4o3)sc2c1"
            ]
        ],
        "total_volume": 500
    },
    {
        "final_product": [
            1,
            "yes",
            "CN(C)c1ccc(CNc2ccc(Cl)cn2)cc1",
            1
        ],
        "predicted_catalysts": [
            ""
        ],
        "predicted_reactants": [
            "CN(C)C1=CC=C(C=C1)C=O",
            "Nc1ccc(Cl)cn1"
        ],
        "predicted_reagents": [
            "[BH3-]C#N.[Na+].CC(=O)O"
        ],
        "predicted_solvents": [
            "CO"
        ],
        "reaction_smiles": "CN(C)C1=CC=C(C=C1)C=O.Nc1ccc(Cl)cn1>>CN(C)c1ccc(CNc2ccc(Cl)cn2)cc1",
        "target_product": [
            [
                "CN(C)c1ccc(CNc2ccc(Cl)cn2)cc1"
            ]
        ],
        "total_volume": 500
    },
    {
        "final_product": [
            1,
            "yes",
            "CS(=O)(=O)NC(=O)c1sc2cc(F)ccc2c1Cl",
            1
        ],
        "predicted_catalysts": [
            ""
        ],
        "predicted_reactants": [
            "CS(N)(=O)=O",
            "O=C(Cl)c1sc2cc(F)ccc2c1Cl"
        ],
        "predicted_reagents": [
            "CN(C)c1ccncc1.CCN(CC)CC"
        ],
        "predicted_solvents": [
            "ClCCl"
        ],
        "reaction_smiles": "CS(N)(=O)=O.O=C(Cl)c1sc2cc(F)ccc2c1Cl>>CS(=O)(=O)NC(=O)c1sc2cc(F)ccc2c1Cl",
        "target_product": [
            [
                "CS(=O)(=O)NC(=O)c1sc2cc(F)ccc2c1Cl"
            ]
        ],
        "total_volume": 500
    },
    {
        "final_product": [
            2,
            "yes",
            "FC(F)(F)c1ccc(-c2ccc(Nc3cnc4ccccc4c3)cc2)nc1",
            2
        ],
        "predicted_catalysts": [
            "CC(=O)[O-].[Cu+2]"
        ],
        "predicted_reactants": [
            "Nc1ccc(-c2ccc(C(F)(F)F)cn2)cc1",
            "CC1(C)OB(c2cnc3ccccc3c2)OC1(C)C"
        ],
        "predicted_reagents": [
            "c1ccncc1"
        ],
        "predicted_solvents": [
            "ClCCl"
        ],
        "reaction_smiles": "Nc1ccc(-c2ccc(C(F)(F)F)cn2)cc1.CC1(C)OB(c2cnc3ccccc3c2)OC1(C)C>>FC(F)(F)c1ccc(-c2ccc(Nc3cnc4ccccc4c3)cc2)nc1",
        "target_product": [
            [
                "FC(F)(F)c1ccc(-c2ccc(Nc3cnc4ccccc4c3)cc2)nc1"
            ]
        ],
        "total_volume": 500
    },
    {
        "final_product": [
            2,
            "yes",
            "COc1ccc2nc(N(c3ccccc3C)S(=O)(=O)c3cccs3)sc2c1",
            2
        ],
        "predicted_catalysts": [
            ""
        ],
        "predicted_reactants": [
            "COc1ccc2nc(Nc3ccccc3C)sc2c1",
            "O=S(=O)(Cl)c1cccs1"
        ],
        "predicted_reagents": [
            "[OH-].[Na+]"
        ],
        "predicted_solvents": [
            "ClCCl"
        ],
        "reaction_smiles": "COc1ccc2nc(Nc3ccccc3C)sc2c1.O=S(=O)(Cl)c1cccs1>>COc1ccc2nc(N(c3ccccc3C)S(=O)(=O)c3cccs3)sc2c1",
        "target_product": [
            [
                "COc1ccc2nc(N(c3ccccc3C)S(=O)(=O)c3cccs3)sc2c1"
            ]
        ],
        "total_volume": 500
    },
    {
        "final_product": [
            1,
            "yes",
            "FC(F)(F)Oc1ccc(Nc2ncccn2)cc1",
            1
        ],
        "predicted_catalysts": [
            "CC(=O)[O-].[Cu+2]"
        ],
        "predicted_reactants": [
            "C1=CN=C(N=C1)N",
            "OB(O)c1ccc(OC(F)(F)F)cc1"
        ],
        "predicted_reagents": [
            "CCN(CC)CC"
        ],
        "predicted_solvents": [
            "ClCCl"
        ],
        "reaction_smiles": "C1=CN=C(N=C1)N.OB(O)c1ccc(OC(F)(F)F)cc1>>FC(F)(F)Oc1ccc(Nc2ncccn2)cc1",
        "target_product": [
            [
                "FC(F)(F)Oc1ccc(Nc2ncccn2)cc1"
            ]
        ],
        "total_volume": 500
    },
    {
        "final_product": [
            1,
            "no",
            "O=S(=O)(c1cccc(-c2cnc3ccccc3c2)c1)N(CC1CCCO1)c1ncccn1",
            3
        ],
        "predicted_catalysts": [
            ""
        ],
        "predicted_reactants": [
            "C1=CN=C(N=C1)N",
            "O=S(=O)(Cl)c1cccc(Br)c1"
        ],
        "predicted_reagents": [
            "c1ccncc1"
        ],
        "predicted_solvents": [
            "C1CCOC1"
        ],
        "reaction_smiles": "C1=CN=C(N=C1)N.O=S(=O)(Cl)c1cccc(Br)c1>>O=S(=O)(Nc1ncccn1)c1cccc(Br)c1",
        "target_product": [
            [
                "O=S(=O)(Nc1ncccn1)c1cccc(Br)c1"
            ]
        ],
        "total_volume": 500
    },
    {
        "final_product": [
            2,
            "yes",
            "O=C(Nc1ccncc1Nn1cnnc1)Oc1ccccc1",
            2
        ],
        "predicted_catalysts": [
            ""
        ],
        "predicted_reactants": [
            "Nc1ccncc1Nn1cnnc1",
            "O=C(Cl)Oc1ccccc1"
        ],
        "predicted_reagents": [
            "c1ccncc1"
        ],
        "predicted_solvents": [
            "ClC(Cl)Cl"
        ],
        "reaction_smiles": "Nc1ccncc1Nn1cnnc1.O=C(Cl)Oc1ccccc1>>O=C(Nc1ccncc1Nn1cnnc1)Oc1ccccc1",
        "target_product": [
            [
                "O=C(Nc1ccncc1Nn1cnnc1)Oc1ccccc1"
            ]
        ],
        "total_volume": 500
    },
    {
        "final_product": [
            1,
            "no",
            "Cc1c(C(=O)Nn2cnnc2)cccc1-c1ccc(-c2ccccc2)cc1",
            2
        ],
        "predicted_catalysts": [
            ""
        ],
        "predicted_reactants": [
            "Nn1cnnc1",
            "Cc1c(Br)cccc1C(=O)O"
        ],
        "predicted_reagents": [
            "On1nnc2ccccc21.CCN=C=NCCCN(C)C.Cl"
        ],
        "predicted_solvents": [
            "ClCCl"
        ],
        "reaction_smiles": "Nn1cnnc1.Cc1c(Br)cccc1C(=O)O>>Cc1c(Br)cccc1C(=O)Nn1cnnc1",
        "target_product": [
            [
                "Cc1c(Br)cccc1C(=O)Nn1cnnc1"
            ]
        ],
        "total_volume": 500
    },
    {
        "final_product": [
            1,
            "yes",
            "O=S1(=O)CCN(c2nc3ccccc3s2)CC1",
            1
        ],
        "predicted_catalysts": [
            ""
        ],
        "predicted_reactants": [
            "O=S1(=O)CCNCC1",
            "Clc1nc2ccccc2s1"
        ],
        "predicted_reagents": [
            "CCN(CC)CC"
        ],
        "predicted_solvents": [
            "ClCCl"
        ],
        "reaction_smiles": "O=S1(=O)CCNCC1.Clc1nc2ccccc2s1>>O=S1(=O)CCN(c2nc3ccccc3s2)CC1",
        "target_product": [
            [
                "O=S1(=O)CCN(c2nc3ccccc3s2)CC1"
            ]
        ],
        "total_volume": 500
    },
    {
        "final_product": [
            1,
            "no",
            "Cc1noc(C)c1N(C(=O)c1ccc(O)cc1)n1cnnc1",
            2
        ],
        "predicted_catalysts": [
            ""
        ],
        "predicted_reactants": [
            "Nn1cnnc1",
            "O=C(O)c1ccc(O)cc1"
        ],
        "predicted_reagents": [
            "On1nnc2ccccc21.CCN=C=NCCCN(C)C.Cl"
        ],
        "predicted_solvents": [
            "CN(C)C=O"
        ],
        "reaction_smiles": "Nn1cnnc1.O=C(O)c1ccc(O)cc1>>O=C(Nn1cnnc1)c1ccc(O)cc1",
        "target_product": [
            [
                "O=C(Nn1cnnc1)c1ccc(O)cc1"
            ]
        ],
        "total_volume": 500
    },
    {
        "final_product": [
            2,
            "yes",
            "O=C(CO)N(C(c1ccccc1)c1ccccc1)n1cnnc1",
            2
        ],
        "predicted_catalysts": [
            ""
        ],
        "predicted_reactants": [
            "c1ccc(C(Nn2cnnc2)c2ccccc2)cc1",
            "O=C(O)CO"
        ],
        "predicted_reagents": [
            "On1nnc2ccccc21.CCN=C=NCCCN(C)C.Cl"
        ],
        "predicted_solvents": [
            "CN(C)C=O.CN(C)P(=O)(F)N(C)C"
        ],
        "reaction_smiles": "c1ccc(C(Nn2cnnc2)c2ccccc2)cc1.O=C(O)CO>>O=C(CO)N(C(c1ccccc1)c1ccccc1)n1cnnc1",
        "target_product": [
            [
                "O=C(CO)N(C(c1ccccc1)c1ccccc1)n1cnnc1"
            ]
        ],
        "total_volume": 500
    },
    {
        "final_product": [
            1,
            "yes",
            "O=S(=O)(Nn1cnnc1)c1cccs1",
            1
        ],
        "predicted_catalysts": [
            ""
        ],
        "predicted_reactants": [
            "Nn1cnnc1",
            "O=S(=O)(Cl)c1cccs1"
        ],
        "predicted_reagents": [
            "c1ccncc1"
        ],
        "predicted_solvents": [
            "C1CCOC1"
        ],
        "reaction_smiles": "Nn1cnnc1.O=S(=O)(Cl)c1cccs1>>O=S(=O)(Nn1cnnc1)c1cccs1",
        "target_product": [
            [
                "O=S(=O)(Nn1cnnc1)c1cccs1"
            ]
        ],
        "total_volume": 500
    },
    {
        "final_product": [
            1,
            "no",
            "CS(=O)(=O)N(Cc1cccc(B(O)O)c1)C(=O)c1cccc(O)c1",
            2
        ],
        "predicted_catalysts": [
            ""
        ],
        "predicted_reactants": [
            "CS(N)(=O)=O",
            "OCc1cccc(B(O)O)c1"
        ],
        "predicted_reagents": [
            "O=S(Cl)Cl"
        ],
        "predicted_solvents": [
            ""
        ],
        "reaction_smiles": "CS(N)(=O)=O.OCc1cccc(B(O)O)c1>>CS(=O)(=O)NCc1cccc(B(O)O)c1",
        "target_product": [
            [
                "CS(=O)(=O)NCc1cccc(B(O)O)c1"
            ]
        ],
        "total_volume": 500
    },
    {
        "final_product": [
            2,
            "yes",
            "Cc1ccc(S(=O)(=O)Nc2ccc(Nn3cnnc3)nc2)cc1",
            2
        ],
        "predicted_catalysts": [
            ""
        ],
        "predicted_reactants": [
            "Nc1ccc(Nn2cnnc2)nc1",
            "Cc1ccc(S(=O)(=O)Cl)cc1"
        ],
        "predicted_reagents": [
            "CN(C)c1ccncc1"
        ],
        "predicted_solvents": [
            "c1ccncc1"
        ],
        "reaction_smiles": "Nc1ccc(Nn2cnnc2)nc1.Cc1ccc(S(=O)(=O)Cl)cc1>>Cc1ccc(S(=O)(=O)Nc2ccc(Nn3cnnc3)nc2)cc1",
        "target_product": [
            [
                "Cc1ccc(S(=O)(=O)Nc2ccc(Nn3cnnc3)nc2)cc1"
            ]
        ],
        "total_volume": 500
    },
    {
        "final_product": [
            2,
            "yes",
            "N#CN(c1nc2ccccc2s1)S(=O)(=O)c1ccccc1",
            2
        ],
        "predicted_catalysts": [
            ""
        ],
        "predicted_reactants": [
            "N#CNc1nc2ccccc2s1",
            "O=S(=O)(Cl)c1ccccc1"
        ],
        "predicted_reagents": [
            "CCN(CC)CC"
        ],
        "predicted_solvents": [
            "ClCCl"
        ],
        "reaction_smiles": "N#CNc1nc2ccccc2s1.O=S(=O)(Cl)c1ccccc1>>N#CN(c1nc2ccccc2s1)S(=O)(=O)c1ccccc1",
        "target_product": [
            [
                "N#CN(c1nc2ccccc2s1)S(=O)(=O)c1ccccc1"
            ]
        ],
        "total_volume": 500
    },
    {
        "final_product": [
            1,
            "yes",
            "N#Cc1ccccc1Nn1cnnc1",
            1
        ],
        "predicted_catalysts": [
            "CC(=O)[O-].[Cu+2]"
        ],
        "predicted_reactants": [
            "Nn1cnnc1",
            "N#Cc1ccccc1B(O)O"
        ],
        "predicted_reagents": [
            "CCN(CC)CC"
        ],
        "predicted_solvents": [
            "ClCCl"
        ],
        "reaction_smiles": "Nn1cnnc1.N#Cc1ccccc1B(O)O>>N#Cc1ccccc1Nn1cnnc1",
        "target_product": [
            [
                "N#Cc1ccccc1Nn1cnnc1"
            ]
        ],
        "total_volume": 500
    },
    {
        "final_product": [
            1,
            "no",
            "NS(=O)(=O)N(C(=O)c1sc2ccccc2c1Cl)S(=O)(=O)C(F)(F)F",
            2
        ],
        "predicted_catalysts": [
            ""
        ],
        "predicted_reactants": [
            "O=S(=O)(Cl)C(F)(F)F",
            "NS(N)(=O)=O"
        ],
        "predicted_reagents": [
            ""
        ],
        "predicted_solvents": [
            "CC#N"
        ],
        "reaction_smiles": "O=S(=O)(Cl)C(F)(F)F.NS(N)(=O)=O>>NS(=O)(=O)NS(=O)(=O)C(F)(F)F",
        "target_product": [
            [
                "NS(=O)(=O)NS(=O)(=O)C(F)(F)F"
            ]
        ],
        "total_volume": 500
    },
    {
        "final_product": [
            2,
            "yes",
            "O=C(c1sc2ccccc2c1Cl)N(c1ccc([N+](=O)[O-])cc1)c1nn[nH]n1",
            2
        ],
        "predicted_catalysts": [
            ""
        ],
        "predicted_reactants": [
            "O=[N+]([O-])c1ccc(Nc2nn[nH]n2)cc1",
            "O=C(Cl)c1sc2ccccc2c1Cl"
        ],
        "predicted_reagents": [
            "CCN(CC)CC"
        ],
        "predicted_solvents": [
            "ClC(Cl)Cl"
        ],
        "reaction_smiles": "O=[N+]([O-])c1ccc(Nc2nn[nH]n2)cc1.O=C(Cl)c1sc2ccccc2c1Cl>>O=C(c1sc2ccccc2c1Cl)N(c1ccc([N+](=O)[O-])cc1)c1nn[nH]n1",
        "target_product": [
            [
                "O=C(c1sc2ccccc2c1Cl)N(c1ccc([N+](=O)[O-])cc1)c1nn[nH]n1"
            ]
        ],
        "total_volume": 500
    },
    {
        "final_product": [
            2,
            "yes",
            "COc1cc(Br)c(C(=O)N(c2ccc(CO)cc2)c2ccccc2C=O)cc1O",
            2
        ],
        "predicted_catalysts": [
            ""
        ],
        "predicted_reactants": [
            "O=Cc1ccccc1Nc1ccc(CO)cc1",
            "COc1cc(Br)c(C(=O)O)cc1O"
        ],
        "predicted_reagents": [
            "On1nnc2ccccc21.CCN=C=NCCCN(C)C.Cl"
        ],
        "predicted_solvents": [
            "CN(C)C=O"
        ],
        "reaction_smiles": "O=Cc1ccccc1Nc1ccc(CO)cc1.COc1cc(Br)c(C(=O)O)cc1O>>COc1cc(Br)c(C(=O)N(c2ccc(CO)cc2)c2ccccc2C=O)cc1O",
        "target_product": [
            [
                "COc1cc(Br)c(C(=O)N(c2ccc(CO)cc2)c2ccccc2C=O)cc1O"
            ]
        ],
        "total_volume": 500
    },
    {
        "final_product": [
            1,
            "yes",
            "CC(C)(C)NCCc1ccc(O)cc1",
            1
        ],
        "predicted_catalysts": [
            ""
        ],
        "predicted_reactants": [
            "CC(C)(C)O",
            "NCCc1ccc(O)cc1"
        ],
        "predicted_reagents": [
            ""
        ],
        "predicted_solvents": [
            "ClCCl"
        ],
        "reaction_smiles": "CC(C)(C)O.NCCc1ccc(O)cc1>>CC(C)(C)NCCc1ccc(O)cc1",
        "target_product": [
            [
                "CC(C)(C)NCCc1ccc(O)cc1"
            ]
        ],
        "total_volume": 500
    },
    {
        "final_product": [
            1,
            "yes",
            "Cc1cccc(CNCc2ccc(Cl)nc2)c1",
            1
        ],
        "predicted_catalysts": [
            ""
        ],
        "predicted_reactants": [
            "C1=CC(=NC=C1CN)Cl",
            "Cc1cccc(C=O)c1"
        ],
        "predicted_reagents": [
            "[H][B-](OC(C)=O)(OC(C)=O)OC(C)=O.[Na+].CC(=O)O"
        ],
        "predicted_solvents": [
            "ClCCCl"
        ],
        "reaction_smiles": "C1=CC(=NC=C1CN)Cl.Cc1cccc(C=O)c1>>Cc1cccc(CNCc2ccc(Cl)nc2)c1",
        "target_product": [
            [
                "Cc1cccc(CNCc2ccc(Cl)nc2)c1"
            ]
        ],
        "total_volume": 500
    },
    {
        "final_product": [
            1,
            "yes",
            "COc1ccc(N2CCS(=O)(=O)CC2)cc1",
            1
        ],
        "predicted_catalysts": [
            "CC(=O)[O-].[Cu+2]"
        ],
        "predicted_reactants": [
            "O=S1(=O)CCNCC1",
            "COc1ccc(B(O)O)cc1"
        ],
        "predicted_reagents": [
            "c1ccncc1"
        ],
        "predicted_solvents": [
            "ClCCl"
        ],
        "reaction_smiles": "O=S1(=O)CCNCC1.COc1ccc(B(O)O)cc1>>COc1ccc(N2CCS(=O)(=O)CC2)cc1",
        "target_product": [
            [
                "COc1ccc(N2CCS(=O)(=O)CC2)cc1"
            ]
        ],
        "total_volume": 500
    },
    {
        "final_product": [
            1,
            "yes",
            "CS(=O)(=O)NCc1ccc(-n2ccnc2)cc1",
            1
        ],
        "predicted_catalysts": [
            ""
        ],
        "predicted_reactants": [
            "CS(N)(=O)=O",
            "O=Cc1ccc(-n2ccnc2)cc1"
        ],
        "predicted_reagents": [
            "[BH4-].[Na+]"
        ],
        "predicted_solvents": [
            "CO"
        ],
        "reaction_smiles": "CS(N)(=O)=O.O=Cc1ccc(-n2ccnc2)cc1>>CS(=O)(=O)NCc1ccc(-n2ccnc2)cc1",
        "target_product": [
            [
                "CS(=O)(=O)NCc1ccc(-n2ccnc2)cc1"
            ]
        ],
        "total_volume": 500
    },
    {
        "final_product": [
            1,
            "yes",
            "O=S(=O)(Nn1cnnc1)C(F)(F)F",
            1
        ],
        "predicted_catalysts": [
            ""
        ],
        "predicted_reactants": [
            "Nn1cnnc1",
            "O=S(=O)(Cl)C(F)(F)F"
        ],
        "predicted_reagents": [
            "CCN(CC)CC"
        ],
        "predicted_solvents": [
            "ClCCl"
        ],
        "reaction_smiles": "Nn1cnnc1.O=S(=O)(Cl)C(F)(F)F>>O=S(=O)(Nn1cnnc1)C(F)(F)F",
        "target_product": [
            [
                "O=S(=O)(Nn1cnnc1)C(F)(F)F"
            ]
        ],
        "total_volume": 500
    },
    {
        "final_product": [
            1,
            "no",
            "CCN(C(=O)OC(C)(C)C)c1cc(Br)cnc1N",
            2
        ],
        "predicted_catalysts": [
            ""
        ],
        "predicted_reactants": [
            "C1=C(C=NC(=C1N)N)Br",
            "CC=O"
        ],
        "predicted_reagents": [
            "[BH3-]C#N.[Na+].CC(=O)O"
        ],
        "predicted_solvents": [
            "CO.CO"
        ],
        "reaction_smiles": "C1=C(C=NC(=C1N)N)Br.CC=O>>CCNc1cc(Br)cnc1N",
        "target_product": [
            [
                "CCNc1cc(Br)cnc1N"
            ]
        ],
        "total_volume": 500
    },
    {
        "final_product": [
            1,
            "yes",
            "N#Cc1ccc(CNCc2cnc3ccccc3n2)cc1",
            1
        ],
        "predicted_catalysts": [
            ""
        ],
        "predicted_reactants": [
            "N#Cc1ccc(CN)cc1",
            "O=Cc1cnc2ccccc2n1"
        ],
        "predicted_reagents": [
            "[BH3-]C#N.[Na+].CC(=O)O"
        ],
        "predicted_solvents": [
            "C1CCOC1.CCO"
        ],
        "reaction_smiles": "N#Cc1ccc(CN)cc1.O=Cc1cnc2ccccc2n1>>N#Cc1ccc(CNCc2cnc3ccccc3n2)cc1",
        "target_product": [
            [
                "N#Cc1ccc(CNCc2cnc3ccccc3n2)cc1"
            ]
        ],
        "total_volume": 500
    },
    {
        "final_product": [
            2,
            "yes",
            "c1ccc2sc(N(c3ccc4c(c3)OCO4)n3cnnc3)nc2c1",
            2
        ],
        "predicted_catalysts": [
            "O=[Mn]=O"
        ],
        "predicted_reactants": [
            "c1ccc2sc(Nn3cnnc3)nc2c1",
            "OB(O)c1ccc2c(c1)OCO2"
        ],
        "predicted_reagents": [
            "c1ccncc1"
        ],
        "predicted_solvents": [
            "ClCCl"
        ],
        "reaction_smiles": "c1ccc2sc(Nn3cnnc3)nc2c1.OB(O)c1ccc2c(c1)OCO2>>c1ccc2sc(N(c3ccc4c(c3)OCO4)n3cnnc3)nc2c1",
        "target_product": [
            [
                "c1ccc2sc(N(c3ccc4c(c3)OCO4)n3cnnc3)nc2c1"
            ]
        ],
        "total_volume": 500
    },
    {
        "final_product": [
            1,
            "yes",
            "COc1ccc(Cl)c(C(=O)Nn2cnnc2)c1",
            1
        ],
        "predicted_catalysts": [
            ""
        ],
        "predicted_reactants": [
            "Nn1cnnc1",
            "COc1ccc(Cl)c(C(=O)O)c1"
        ],
        "predicted_reagents": [
            "On1nnc2ccccc21.CCN=C=NCCCN(C)C.Cl"
        ],
        "predicted_solvents": [
            "CN(C)C=O"
        ],
        "reaction_smiles": "Nn1cnnc1.COc1ccc(Cl)c(C(=O)O)c1>>COc1ccc(Cl)c(C(=O)Nn2cnnc2)c1",
        "target_product": [
            [
                "COc1ccc(Cl)c(C(=O)Nn2cnnc2)c1"
            ]
        ],
        "total_volume": 500
    },
    {
        "final_product": [
            1,
            "no",
            "Cc1nc(N)nc(Nc2ccc(CNc3ccsc3)cn2)n1",
            2
        ],
        "predicted_catalysts": [
            "CC(=O)[O-].[Cu+2]"
        ],
        "predicted_reactants": [
            "C1=CC(=NC=C1CN)Cl",
            "OB(O)c1ccsc1"
        ],
        "predicted_reagents": [
            "c1ccncc1"
        ],
        "predicted_solvents": [
            "ClCCl"
        ],
        "reaction_smiles": "C1=CC(=NC=C1CN)Cl.OB(O)c1ccsc1>>Clc1ccc(CNc2ccsc2)cn1",
        "target_product": [
            [
                "Clc1ccc(CNc2ccsc2)cn1"
            ]
        ],
        "total_volume": 500
    },
    {
        "final_product": [
            2,
            "yes",
            "Clc1ncccc1NCc1ccc(-c2cc3ccccc3o2)s1",
            2
        ],
        "predicted_catalysts": [
            ""
        ],
        "predicted_reactants": [
            "O=Cc1ccc(-c2cc3ccccc3o2)s1",
            "Nc1cccnc1Cl"
        ],
        "predicted_reagents": [
            "[H][B-](OC(C)=O)(OC(C)=O)OC(C)=O.[Na+].O=C(O)C(F)(F)F"
        ],
        "predicted_solvents": [
            "ClCCCl.ClCCCl"
        ],
        "reaction_smiles": "O=Cc1ccc(-c2cc3ccccc3o2)s1.Nc1cccnc1Cl>>Clc1ncccc1NCc1ccc(-c2cc3ccccc3o2)s1",
        "target_product": [
            [
                "Clc1ncccc1NCc1ccc(-c2cc3ccccc3o2)s1"
            ]
        ],
        "total_volume": 500
    },
    {
        "final_product": [
            1,
            "no",
            "CS(=O)(=O)NS(=O)(=O)c1cccc(-c2ccc(OC(F)(F)F)cc2)c1",
            2
        ],
        "predicted_catalysts": [
            ""
        ],
        "predicted_reactants": [
            "CS(N)(=O)=O",
            "O=S(=O)(Cl)c1cccc(Br)c1"
        ],
        "predicted_reagents": [
            "CCN(CC)CC"
        ],
        "predicted_solvents": [
            "C1CCOC1"
        ],
        "reaction_smiles": "CS(N)(=O)=O.O=S(=O)(Cl)c1cccc(Br)c1>>CS(=O)(=O)NS(=O)(=O)c1cccc(Br)c1",
        "target_product": [
            [
                "CS(=O)(=O)NS(=O)(=O)c1cccc(Br)c1"
            ]
        ],
        "total_volume": 500
    }
]