[
    {
        "final_product": [
            1,
            "no",
            "COc1ccc(N(n2cnnc2)S(=O)(=O)c2ccccc2)cc1",
            2
        ],
        "predicted_catalysts": [
            "[OH2--].[Cu+].[Cu+]"
        ],
        "predicted_reactants": [
            "Nn1cnnc1",
            "COc1ccc(B(O)O)cc1"
        ],
        "predicted_reagents": [
            ""
        ],
        "predicted_solvents": [
            "CS(C)=O"
        ],
        "reaction_smiles": "Nn1cnnc1.COc1ccc(B(O)O)cc1>>COc1ccc(Nn2cnnc2)cc1",
        "target_product": [
            [
                "COc1ccc(Nn2cnnc2)cc1"
            ]
        ],
        "total_volume": 500
    },
    {
        "final_product": [
            1,
            "no",
            "Cc1ccc(N(c2ccc3c(c2)OCO3)n2cnnc2)cc1",
            2
        ],
        "predicted_catalysts": [
            ""
        ],
        "predicted_reactants": [
            "Nn1cnnc1",
            "Cc1ccc(Cl)cc1"
        ],
        "predicted_reagents": [
            "[OH-].[K+]"
        ],
        "predicted_solvents": [
            "CS(C)=O"
        ],
        "reaction_smiles": "Nn1cnnc1.Cc1ccc(Cl)cc1>>Cc1ccc(Nn2cnnc2)cc1",
        "target_product": [
            [
                "Cc1ccc(Nn2cnnc2)cc1"
            ]
        ],
        "total_volume": 500
    },
    {
        "final_product": [
            1,
            "no",
            "c1ccc(N(c2ccsc2)n2cnnc2)cc1",
            2
        ],
        "predicted_catalysts": [
            "CC(=O)[O-].[Cu+2]"
        ],
        "predicted_reactants": [
            "B(C1=CSC=C1)(O)O",
            "Nn1cnnc1"
        ],
        "predicted_reagents": [
            ""
        ],
        "predicted_solvents": [
            "CS(C)=O"
        ],
        "reaction_smiles": "B(C1=CSC=C1)(O)O.Nn1cnnc1>>c1cc(Nn2cnnc2)cs1",
        "target_product": [
            [
                "c1cc(Nn2cnnc2)cs1"
            ]
        ],
        "total_volume": 500
    },
    {
        "final_product": [
            1,
            "no",
            "O=C(O)c1ccc(N(c2ccc(C(F)(F)F)cc2)n2cnnc2)cc1",
            2
        ],
        "predicted_catalysts": [
            "[OH2--].[Cu+].[Cu+]"
        ],
        "predicted_reactants": [
            "Nn1cnnc1",
            "O=C(O)c1ccc(B(O)O)cc1"
        ],
        "predicted_reagents": [
            ""
        ],
        "predicted_solvents": [
            "CS(C)=O"
        ],
        "reaction_smiles": "Nn1cnnc1.O=C(O)c1ccc(B(O)O)cc1>>O=C(O)c1ccc(Nn2cnnc2)cc1",
        "target_product": [
            [
                "O=C(O)c1ccc(Nn2cnnc2)cc1"
            ]
        ],
        "total_volume": 500
    },
    {
        "final_product": [
            1,
            "no",
            "N#Cc1ccc(N(c2cnccc2N)n2cnnc2)cc1",
            2
        ],
        "predicted_catalysts": [
            ""
        ],
        "predicted_reactants": [
            "Nn1cnnc1",
            "Nc1ccncc1Cl"
        ],
        "predicted_reagents": [
            "CC(C)(C)[O-].[K+]"
        ],
        "predicted_solvents": [
            "CS(C)=O"
        ],
        "reaction_smiles": "Nn1cnnc1.Nc1ccncc1Cl>>Nc1ccncc1Nn1cnnc1",
        "target_product": [
            [
                "Nc1ccncc1Nn1cnnc1"
            ]
        ],
        "total_volume": 500
    },
    {
        "final_product": [
            1,
            "no",
            "COc1ccc(N(C(c2ccccc2)c2ccccc2)n2cnnc2)cc1",
            2
        ],
        "predicted_catalysts": [
            ""
        ],
        "predicted_reactants": [
            "Nn1cnnc1",
            "OC(c1ccccc1)c1ccccc1"
        ],
        "predicted_reagents": [
            "O=S(=O)(O)O"
        ],
        "predicted_solvents": [
            ""
        ],
        "reaction_smiles": "Nn1cnnc1.OC(c1ccccc1)c1ccccc1>>c1ccc(C(Nn2cnnc2)c2ccccc2)cc1",
        "target_product": [
            [
                "c1ccc(C(Nn2cnnc2)c2ccccc2)cc1"
            ]
        ],
        "total_volume": 500
    },
    {
        "final_product": [
            1,
            "no",
            "O=S(=O)(N(c1cnc2ccccc2n1)n1cnnc1)C(F)(F)F",
            2
        ],
        "predicted_catalysts": [
            ""
        ],
        "predicted_reactants": [
            "Nn1cnnc1",
            "Clc1cnc2ccccc2n1"
        ],
        "predicted_reagents": [
            "CC(C)(C)[O-].[K+]"
        ],
        "predicted_solvents": [
            "CN(C)C=O"
        ],
        "reaction_smiles": "Nn1cnnc1.Clc1cnc2ccccc2n1>>c1ccc2nc(Nn3cnnc3)cnc2c1",
        "target_product": [
            [
                "c1ccc2nc(Nn3cnnc3)cnc2c1"
            ]
        ],
        "total_volume": 500
    },
    {
        "final_product": [
            1,
            "no",
            "O=[N+]([O-])c1ccc(N(c2ccsc2)n2cnnc2)cc1",
            2
        ],
        "predicted_catalysts": [
            "CC(=O)[O-].[Cu+2]"
        ],
        "predicted_reactants": [
            "Nn1cnnc1",
            "OB(O)c1ccsc1"
        ],
        "predicted_reagents": [
            ""
        ],
        "predicted_solvents": [
            "CS(C)=O"
        ],
        "reaction_smiles": "Nn1cnnc1.OB(O)c1ccsc1>>c1cc(Nn2cnnc2)cs1",
        "target_product": [
            [
                "c1cc(Nn2cnnc2)cs1"
            ]
        ],
        "total_volume": 500
    },
    {
        "final_product": [
            1,
            "yes",
            "CN(c1ccc([N+](=O)[O-])cc1)c1ccc(Cl)cc1C(=O)c1ccccc1",
            1
        ],
        "predicted_catalysts": [
            ""
        ],
        "predicted_reactants": [
            "O=[N+]([O-])c1ccc(F)cc1",
            "CNc1ccc(Cl)cc1C(=O)c1ccccc1"
        ],
        "predicted_reagents": [
            "O=C([O-])[O-].[K+]"
        ],
        "predicted_solvents": [
            "CN(C)C=O"
        ],
        "reaction_smiles": "O=[N+]([O-])c1ccc(F)cc1.CNc1ccc(Cl)cc1C(=O)c1ccccc1>>CN(c1ccc([N+](=O)[O-])cc1)c1ccc(Cl)cc1C(=O)c1ccccc1",
        "target_product": [
            [
                "CN(c1ccc([N+](=O)[O-])cc1)c1ccc(Cl)cc1C(=O)c1ccccc1"
            ]
        ],
        "total_volume": 500
    },
    {
        "final_product": [
            1,
            "no",
            "COc1ccc(N(C(=O)CCCBr)n2cnnc2)cc1OC",
            2
        ],
        "predicted_catalysts": [
            "CC(=O)[O-].[Cu+2].[H]O[H]"
        ],
        "predicted_reactants": [
            "Nn1cnnc1",
            "COc1ccc(B(O)O)cc1OC"
        ],
        "predicted_reagents": [
            ""
        ],
        "predicted_solvents": [
            "CN(C)C=O"
        ],
        "reaction_smiles": "Nn1cnnc1.COc1ccc(B(O)O)cc1OC>>COc1ccc(Nn2cnnc2)cc1OC",
        "target_product": [
            [
                "COc1ccc(Nn2cnnc2)cc1OC"
            ]
        ],
        "total_volume": 500
    },
    {
        "final_product": [
            1,
            "no",
            "O=S(=O)(c1cccs1)N(c1ccc2[nH]ccc2c1)n1cnnc1",
            2
        ],
        "predicted_catalysts": [
            ""
        ],
        "predicted_reactants": [
            "Nn1cnnc1",
            "Clc1ccc2[nH]ccc2c1"
        ],
        "predicted_reagents": [
            "CC(C)(C)[O-].[K+]"
        ],
        "predicted_solvents": [
            "CS(C)=O"
        ],
        "reaction_smiles": "Nn1cnnc1.Clc1ccc2[nH]ccc2c1>>c1cc2cc(Nn3cnnc3)ccc2[nH]1",
        "target_product": [
            [
                "c1cc2cc(Nn3cnnc3)ccc2[nH]1"
            ]
        ],
        "total_volume": 500
    },
    {
        "final_product": [
            1,
            "no",
            "O=[N+]([O-])c1cc(CNc2ccncc2Cl)ccc1N(n1cnnc1)S(=O)(=O)c1ccccc1",
            3
        ],
        "predicted_catalysts": [
            ""
        ],
        "predicted_reactants": [
            "Nn1cnnc1",
            "O=Cc1ccc(F)c([N+](=O)[O-])c1"
        ],
        "predicted_reagents": [
            "O=C([O-])[O-].[K+]"
        ],
        "predicted_solvents": [
            "CS(C)=O"
        ],
        "reaction_smiles": "Nn1cnnc1.O=Cc1ccc(F)c([N+](=O)[O-])c1>>O=Cc1ccc(Nn2cnnc2)c([N+](=O)[O-])c1",
        "target_product": [
            [
                "O=Cc1ccc(Nn2cnnc2)c([N+](=O)[O-])c1"
            ]
        ],
        "total_volume": 500
    },
    {
        "final_product": [
            1,
            "no",
            "O=S(=O)(c1cccs1)N(c1ccsc1)c1ncccn1",
            2
        ],
        "predicted_catalysts": [
            "CC(=O)[O-].[Cu+2]"
        ],
        "predicted_reactants": [
            "C1=CN=C(N=C1)N",
            "OB(O)c1ccsc1"
        ],
        "predicted_reagents": [
            "c1ccncc1"
        ],
        "predicted_solvents": [
            "Cc1ccccc1"
        ],
        "reaction_smiles": "C1=CN=C(N=C1)N.OB(O)c1ccsc1>>c1cnc(Nc2ccsc2)nc1",
        "target_product": [
            [
                "c1cnc(Nc2ccsc2)nc1"
            ]
        ],
        "total_volume": 500
    },
    {
        "final_product": [
            1,
            "no",
            "O=[N+]([O-])c1ccc(N(c2cc3ccccc3o2)n2cnnc2)nc1",
            2
        ],
        "predicted_catalysts": [
            ""
        ],
        "predicted_reactants": [
            "Nn1cnnc1",
            "O=[N+]([O-])c1ccc(Cl)nc1"
        ],
        "predicted_reagents": [
            "O=C([O-])[O-].[Cs+]"
        ],
        "predicted_solvents": [
            "CS(C)=O"
        ],
        "reaction_smiles": "Nn1cnnc1.O=[N+]([O-])c1ccc(Cl)nc1>>O=[N+]([O-])c1ccc(Nn2cnnc2)nc1",
        "target_product": [
            [
                "O=[N+]([O-])c1ccc(Nn2cnnc2)nc1"
            ]
        ],
        "total_volume": 500
    },
    {
        "final_product": [
            1,
            "no",
            "c1ccc(N(c2cc3ccccc3o2)n2cnnc2)cc1",
            2
        ],
        "predicted_catalysts": [
            "CC(=O)[O-].[Cu+2].[H]O[H]"
        ],
        "predicted_reactants": [
            "OB(O)c1cc2ccccc2o1",
            "Nn1cnnc1"
        ],
        "predicted_reagents": [
            ""
        ],
        "predicted_solvents": [
            "CN(C)C=O"
        ],
        "reaction_smiles": "OB(O)c1cc2ccccc2o1.Nn1cnnc1>>c1ccc2oc(Nn3cnnc3)cc2c1",
        "target_product": [
            [
                "c1ccc2oc(Nn3cnnc3)cc2c1"
            ]
        ],
        "total_volume": 500
    },
    {
        "final_product": [
            1,
            "no",
            "COC(=O)c1nc(N)ccc1N(c1ccc([N+](=O)[O-])cc1)C(C)c1ccccc1",
            2
        ],
        "predicted_catalysts": [
            ""
        ],
        "predicted_reactants": [
            "O=[N+]([O-])c1ccc(F)cc1",
            "CC(N)c1ccccc1"
        ],
        "predicted_reagents": [
            "O=C([O-])[O-].[K+]"
        ],
        "predicted_solvents": [
            "CS(C)=O"
        ],
        "reaction_smiles": "O=[N+]([O-])c1ccc(F)cc1.CC(N)c1ccccc1>>CC(Nc1ccc([N+](=O)[O-])cc1)c1ccccc1",
        "target_product": [
            [
                "CC(Nc1ccc([N+](=O)[O-])cc1)c1ccccc1"
            ]
        ],
        "total_volume": 500
    },
    {
        "final_product": [
            1,
            "no",
            "Cc1ccc(S(=O)(=O)N(CC(C)C)c2ccc([N+](=O)[O-])cc2)cc1",
            2
        ],
        "predicted_catalysts": [
            ""
        ],
        "predicted_reactants": [
            "O=[N+]([O-])c1ccc(F)cc1",
            "CC(C)CN"
        ],
        "predicted_reagents": [
            "O=C([O-])[O-].[K+]"
        ],
        "predicted_solvents": [
            "CS(C)=O"
        ],
        "reaction_smiles": "O=[N+]([O-])c1ccc(F)cc1.CC(C)CN>>CC(C)CNc1ccc([N+](=O)[O-])cc1",
        "target_product": [
            [
                "CC(C)CNc1ccc([N+](=O)[O-])cc1"
            ]
        ],
        "total_volume": 500
    },
    {
        "final_product": [
            1,
            "no",
            "Cc1ccc(N(C(=O)N(C)C)n2cnnc2)cc1",
            2
        ],
        "predicted_catalysts": [
            "[OH2--].[Cu+].[Cu+]"
        ],
        "predicted_reactants": [
            "Nn1cnnc1",
            "Cc1ccc(B(O)O)cc1"
        ],
        "predicted_reagents": [
            ""
        ],
        "predicted_solvents": [
            "CS(C)=O"
        ],
        "reaction_smiles": "Nn1cnnc1.Cc1ccc(B(O)O)cc1>>Cc1ccc(Nn2cnnc2)cc1",
        "target_product": [
            [
                "Cc1ccc(Nn2cnnc2)cc1"
            ]
        ],
        "total_volume": 500
    },
    {
        "final_product": [
            1,
            "no",
            "NC(=O)c1ccccc1N(c1cc(Br)cc(Br)c1)n1cnnc1",
            2
        ],
        "predicted_catalysts": [
            ""
        ],
        "predicted_reactants": [
            "Nn1cnnc1",
            "Fc1cc(Br)cc(Br)c1"
        ],
        "predicted_reagents": [
            "[OH-].[K+]"
        ],
        "predicted_solvents": [
            "CS(C)=O"
        ],
        "reaction_smiles": "Nn1cnnc1.Fc1cc(Br)cc(Br)c1>>Brc1cc(Br)cc(Nn2cnnc2)c1",
        "target_product": [
            [
                "Brc1cc(Br)cc(Nn2cnnc2)c1"
            ]
        ],
        "total_volume": 500
    },
    {
        "final_product": [
            1,
            "no",
            "O=C(c1ccc(O)cc1)N(c1cnc2ccccc2c1)n1cnnc1",
            2
        ],
        "predicted_catalysts": [
            "CC(=O)[O-].[Cu+2]"
        ],
        "predicted_reactants": [
            "Nn1cnnc1",
            "CC1(C)OB(c2cnc3ccccc3c2)OC1(C)C"
        ],
        "predicted_reagents": [
            ""
        ],
        "predicted_solvents": [
            "Cc1ccccc1"
        ],
        "reaction_smiles": "Nn1cnnc1.CC1(C)OB(c2cnc3ccccc3c2)OC1(C)C>>c1ccc2ncc(Nn3cnnc3)cc2c1",
        "target_product": [
            [
                "c1ccc2ncc(Nn3cnnc3)cc2c1"
            ]
        ],
        "total_volume": 500
    }
]