[
    {
        "final_product": [
            2,
            "yes",
            "N#Cc1ccccc1N(C(=O)c1sc2cc(F)ccc2c1Cl)n1cnnc1",
            2
        ],
        "predicted_catalysts": [
            ""
        ],
        "predicted_reactants": [
            "N#Cc1ccccc1Nn1cnnc1",
            "O=C(Cl)c1sc2cc(F)ccc2c1Cl"
        ],
        "predicted_reagents": [
            "c1ccncc1"
        ],
        "predicted_solvents": [
            "ClCCl"
        ],
        "reaction_smiles": "N#Cc1ccccc1Nn1cnnc1.O=C(Cl)c1sc2cc(F)ccc2c1Cl>>N#Cc1ccccc1N(C(=O)c1sc2cc(F)ccc2c1Cl)n1cnnc1",
        "target_product": [
            [
                "N#Cc1ccccc1N(C(=O)c1sc2cc(F)ccc2c1Cl)n1cnnc1"
            ]
        ],
        "total_volume": 500
    },
    {
        "final_product": [
            1,
            "yes",
            "O=S(=O)(Nc1ncccn1)c1ccccc1",
            1
        ],
        "predicted_catalysts": [
            ""
        ],
        "predicted_reactants": [
            "C1=CN=C(N=C1)N",
            "O=S(=O)(Cl)c1ccccc1"
        ],
        "predicted_reagents": [
            "c1ccncc1"
        ],
        "predicted_solvents": [
            "C1CCOC1"
        ],
        "reaction_smiles": "C1=CN=C(N=C1)N.O=S(=O)(Cl)c1ccccc1>>O=S(=O)(Nc1ncccn1)c1ccccc1",
        "target_product": [
            [
                "O=S(=O)(Nc1ncccn1)c1ccccc1"
            ]
        ],
        "total_volume": 500
    },
    {
        "final_product": [
            1,
            "no",
            "CS(=O)(=O)N(c1ccc(C#N)cc1)c1cccnc1N",
            2
        ],
        "predicted_catalysts": [
            "CC(=O)[O-].[Cu+2]"
        ],
        "predicted_reactants": [
            "N#Cc1ccc(B(O)O)cc1",
            "Nc1cccnc1N"
        ],
        "predicted_reagents": [
            "c1ccncc1"
        ],
        "predicted_solvents": [
            "ClCCl"
        ],
        "reaction_smiles": "N#Cc1ccc(B(O)O)cc1.Nc1cccnc1N>>N#Cc1ccc(Nc2cccnc2N)cc1",
        "target_product": [
            [
                "N#Cc1ccc(Nc2cccnc2N)cc1"
            ]
        ],
        "total_volume": 500
    },
    {
        "final_product": [
            1,
            "no",
            "CS(=O)(=O)N(C#N)c1ccccc1",
            2
        ],
        "predicted_catalysts": [
            ""
        ],
        "predicted_reactants": [
            "N#CN",
            "CS(=O)(=O)Cl"
        ],
        "predicted_reagents": [
            ""
        ],
        "predicted_solvents": [
            "CCOCC"
        ],
        "reaction_smiles": "N#CN.CS(=O)(=O)Cl>>CS(=O)(=O)NC#N",
        "target_product": [
            [
                "CS(=O)(=O)NC#N"
            ]
        ],
        "total_volume": 500
    },
    {
        "final_product": [
            2,
            "yes",
            "CC(C)(C)c1ccc(S(=O)(=O)N(C#N)c2cnc3ccccc3n2)cc1",
            2
        ],
        "predicted_catalysts": [
            ""
        ],
        "predicted_reactants": [
            "N#CNc1cnc2ccccc2n1",
            "CC(C)(C)c1ccc(S(=O)(=O)Cl)cc1"
        ],
        "predicted_reagents": [
            "CCN(CC)CC"
        ],
        "predicted_solvents": [
            "ClCCl"
        ],
        "reaction_smiles": "N#CNc1cnc2ccccc2n1.CC(C)(C)c1ccc(S(=O)(=O)Cl)cc1>>CC(C)(C)c1ccc(S(=O)(=O)N(C#N)c2cnc3ccccc3n2)cc1",
        "target_product": [
            [
                "CC(C)(C)c1ccc(S(=O)(=O)N(C#N)c2cnc3ccccc3n2)cc1"
            ]
        ],
        "total_volume": 500
    },
    {
        "final_product": [
            2,
            "yes",
            "O=S(=O)(c1cccs1)N(c1ccc2[nH]ccc2c1)n1cnnc1",
            2
        ],
        "predicted_catalysts": [
            ""
        ],
        "predicted_reactants": [
            "c1cc2cc(Nn3cnnc3)ccc2[nH]1",
            "O=S(=O)(Cl)c1cccs1"
        ],
        "predicted_reagents": [
            "c1ccncc1"
        ],
        "predicted_solvents": [
            "ClCCl"
        ],
        "reaction_smiles": "c1cc2cc(Nn3cnnc3)ccc2[nH]1.O=S(=O)(Cl)c1cccs1>>O=S(=O)(c1cccs1)N(c1ccc2[nH]ccc2c1)n1cnnc1",
        "target_product": [
            [
                "O=S(=O)(c1cccs1)N(c1ccc2[nH]ccc2c1)n1cnnc1"
            ]
        ],
        "total_volume": 500
    },
    {
        "final_product": [
            1,
            "no",
            "C=CN(S(=O)(=O)O)S(=O)(=O)c1ccc(C)cc1",
            2
        ],
        "predicted_catalysts": [
            ""
        ],
        "predicted_reactants": [
            "C=CO",
            "NS(=O)(=O)O"
        ],
        "predicted_reagents": [
            ""
        ],
        "predicted_solvents": [
            "CCOCC"
        ],
        "reaction_smiles": "C=CO.NS(=O)(=O)O>>C=CNS(=O)(=O)O",
        "target_product": [
            [
                "C=CNS(=O)(=O)O"
            ]
        ],
        "total_volume": 500
    },
    {
        "final_product": [
            2,
            "yes",
            "CC(C)(C)N(S(C)(=O)=O)S(=O)(=O)c1cccc(Br)c1",
            2
        ],
        "predicted_catalysts": [
            ""
        ],
        "predicted_reactants": [
            "CC(C)(C)NS(C)(=O)=O",
            "O=S(=O)(Cl)c1cccc(Br)c1"
        ],
        "predicted_reagents": [
            "CN(C)c1ccncc1.CCN(C(C)C)C(C)C"
        ],
        "predicted_solvents": [
            "ClCCl"
        ],
        "reaction_smiles": "CC(C)(C)NS(C)(=O)=O.O=S(=O)(Cl)c1cccc(Br)c1>>CC(C)(C)N(S(C)(=O)=O)S(=O)(=O)c1cccc(Br)c1",
        "target_product": [
            [
                "CC(C)(C)N(S(C)(=O)=O)S(=O)(=O)c1cccc(Br)c1"
            ]
        ],
        "total_volume": 500
    },
    {
        "final_product": [
            2,
            "yes",
            "O=[N+]([O-])c1ccc(N(S(=O)(=O)c2cccc3cccnc23)S(=O)(=O)C(F)(F)F)cc1",
            2
        ],
        "predicted_catalysts": [
            ""
        ],
        "predicted_reactants": [
            "O=[N+]([O-])c1ccc(NS(=O)(=O)C(F)(F)F)cc1",
            "O=S(=O)(Cl)c1cccc2cccnc12"
        ],
        "predicted_reagents": [
            "CCN(CC)CC"
        ],
        "predicted_solvents": [
            "ClCCl"
        ],
        "reaction_smiles": "O=[N+]([O-])c1ccc(NS(=O)(=O)C(F)(F)F)cc1.O=S(=O)(Cl)c1cccc2cccnc12>>O=[N+]([O-])c1ccc(N(S(=O)(=O)c2cccc3cccnc23)S(=O)(=O)C(F)(F)F)cc1",
        "target_product": [
            [
                "O=[N+]([O-])c1ccc(N(S(=O)(=O)c2cccc3cccnc23)S(=O)(=O)C(F)(F)F)cc1"
            ]
        ],
        "total_volume": 500
    },
    {
        "final_product": [
            2,
            "yes",
            "O=C(c1cc(F)c(F)cc1F)N(c1ccc([N+](=O)[O-])cc1)n1cnnc1",
            2
        ],
        "predicted_catalysts": [
            ""
        ],
        "predicted_reactants": [
            "O=[N+]([O-])c1ccc(Nn2cnnc2)cc1",
            "O=C(Cl)c1cc(F)c(F)cc1F"
        ],
        "predicted_reagents": [
            "c1ccncc1"
        ],
        "predicted_solvents": [
            "ClCCl"
        ],
        "reaction_smiles": "O=[N+]([O-])c1ccc(Nn2cnnc2)cc1.O=C(Cl)c1cc(F)c(F)cc1F>>O=C(c1cc(F)c(F)cc1F)N(c1ccc([N+](=O)[O-])cc1)n1cnnc1",
        "target_product": [
            [
                "O=C(c1cc(F)c(F)cc1F)N(c1ccc([N+](=O)[O-])cc1)n1cnnc1"
            ]
        ],
        "total_volume": 500
    },
    {
        "final_product": [
            2,
            "yes",
            "c1ccc(N(c2ccsc2)n2cnnc2)cc1",
            2
        ],
        "predicted_catalysts": [
            "CC(=O)[O-].[Cu+]"
        ],
        "predicted_reactants": [
            "c1cc(Nn2cnnc2)cs1",
            "OB(O)c1ccccc1"
        ],
        "predicted_reagents": [
            "c1ccncc1"
        ],
        "predicted_solvents": [
            "ClCCl"
        ],
        "reaction_smiles": "c1cc(Nn2cnnc2)cs1.OB(O)c1ccccc1>>c1ccc(N(c2ccsc2)n2cnnc2)cc1",
        "target_product": [
            [
                "c1ccc(N(c2ccsc2)n2cnnc2)cc1"
            ]
        ],
        "total_volume": 500
    },
    {
        "final_product": [
            2,
            "yes",
            "O=C(O)CCC(=O)Nc1ccc(N(n2cnnc2)S(=O)(=O)c2cccc(Br)c2)cc1",
            2
        ],
        "predicted_catalysts": [
            ""
        ],
        "predicted_reactants": [
            "O=C(O)CCC(=O)Nc1ccc(Nn2cnnc2)cc1",
            "O=S(=O)(Cl)c1cccc(Br)c1"
        ],
        "predicted_reagents": [
            "O=C([O-])O.[Na+]"
        ],
        "predicted_solvents": [
            "ClCCl"
        ],
        "reaction_smiles": "O=C(O)CCC(=O)Nc1ccc(Nn2cnnc2)cc1.O=S(=O)(Cl)c1cccc(Br)c1>>O=C(O)CCC(=O)Nc1ccc(N(n2cnnc2)S(=O)(=O)c2cccc(Br)c2)cc1",
        "target_product": [
            [
                "O=C(O)CCC(=O)Nc1ccc(N(n2cnnc2)S(=O)(=O)c2cccc(Br)c2)cc1"
            ]
        ],
        "total_volume": 500
    },
    {
        "final_product": [
            2,
            "yes",
            "Cn1nnc(N(c2ccsc2)S(=O)(=O)c2ccccc2)n1",
            2
        ],
        "predicted_catalysts": [
            ""
        ],
        "predicted_reactants": [
            "Cn1nnc(Nc2ccsc2)n1",
            "O=S(=O)(Cl)c1ccccc1"
        ],
        "predicted_reagents": [
            "CCN(CC)CC"
        ],
        "predicted_solvents": [
            "ClCCl"
        ],
        "reaction_smiles": "Cn1nnc(Nc2ccsc2)n1.O=S(=O)(Cl)c1ccccc1>>Cn1nnc(N(c2ccsc2)S(=O)(=O)c2ccccc2)n1",
        "target_product": [
            [
                "Cn1nnc(N(c2ccsc2)S(=O)(=O)c2ccccc2)n1"
            ]
        ],
        "total_volume": 500
    },
    {
        "final_product": [
            3,
            "yes",
            "CC(C)(C)c1ccc(S(=O)(=O)N(c2ccc(-c3ccccc3)cc2)c2ccsc2)cc1",
            3
        ],
        "predicted_catalysts": [
            ""
        ],
        "predicted_reactants": [
            "c1ccc(-c2ccc(Nc3ccsc3)cc2)cc1",
            "CC(C)(C)c1ccc(S(=O)(=O)Cl)cc1"
        ],
        "predicted_reagents": [
            "CCN(CC)CC"
        ],
        "predicted_solvents": [
            "ClC(Cl)Cl"
        ],
        "reaction_smiles": "c1ccc(-c2ccc(Nc3ccsc3)cc2)cc1.CC(C)(C)c1ccc(S(=O)(=O)Cl)cc1>>CC(C)(C)c1ccc(S(=O)(=O)N(c2ccc(-c3ccccc3)cc2)c2ccsc2)cc1",
        "target_product": [
            [
                "CC(C)(C)c1ccc(S(=O)(=O)N(c2ccc(-c3ccccc3)cc2)c2ccsc2)cc1"
            ]
        ],
        "total_volume": 500
    },
    {
        "final_product": [
            3,
            "yes",
            "CC(=O)Nc1ccc(N(c2ccc(-c3ccccc3)cc2)S(=O)(=O)c2ccc(C)cc2)cc1",
            3
        ],
        "predicted_catalysts": [
            ""
        ],
        "predicted_reactants": [
            "CC(=O)Nc1ccc(Nc2ccc(-c3ccccc3)cc2)cc1",
            "Cc1ccc(S(=O)(=O)Cl)cc1"
        ],
        "predicted_reagents": [
            "CCN(CC)CC"
        ],
        "predicted_solvents": [
            "ClCCl"
        ],
        "reaction_smiles": "CC(=O)Nc1ccc(Nc2ccc(-c3ccccc3)cc2)cc1.Cc1ccc(S(=O)(=O)Cl)cc1>>CC(=O)Nc1ccc(N(c2ccc(-c3ccccc3)cc2)S(=O)(=O)c2ccc(C)cc2)cc1",
        "target_product": [
            [
                "CC(=O)Nc1ccc(N(c2ccc(-c3ccccc3)cc2)S(=O)(=O)c2ccc(C)cc2)cc1"
            ]
        ],
        "total_volume": 500
    },
    {
        "final_product": [
            2,
            "no",
            "O=C(O)c1cccc(N(c2ccc(-c3ccccc3)cc2)S(=O)(=O)c2ccccc2)c1C(=O)O",
            3
        ],
        "predicted_catalysts": [
            ""
        ],
        "predicted_reactants": [
            "Nc1ccc(-c2ccccc2)cc1",
            "O=S(=O)(Cl)c1ccccc1"
        ],
        "predicted_reagents": [
            "c1ccncc1"
        ],
        "predicted_solvents": [
            "ClCCl"
        ],
        "reaction_smiles": "Nc1ccc(-c2ccccc2)cc1.O=S(=O)(Cl)c1ccccc1>>O=S(=O)(Nc1ccc(-c2ccccc2)cc1)c1ccccc1",
        "target_product": [
            [
                "O=S(=O)(Nc1ccc(-c2ccccc2)cc1)c1ccccc1"
            ]
        ],
        "total_volume": 500
    },
    {
        "final_product": [
            2,
            "yes",
            "CS(=O)(=O)N(c1cccnc1)n1cnnc1",
            2
        ],
        "predicted_catalysts": [
            ""
        ],
        "predicted_reactants": [
            "c1cncc(Nn2cnnc2)c1",
            "CS(=O)(=O)Cl"
        ],
        "predicted_reagents": [
            "CCN(CC)CC"
        ],
        "predicted_solvents": [
            "ClCCl"
        ],
        "reaction_smiles": "c1cncc(Nn2cnnc2)c1.CS(=O)(=O)Cl>>CS(=O)(=O)N(c1cccnc1)n1cnnc1",
        "target_product": [
            [
                "CS(=O)(=O)N(c1cccnc1)n1cnnc1"
            ]
        ],
        "total_volume": 500
    },
    {
        "final_product": [
            2,
            "yes",
            "CC(=O)OCC(=O)N(c1cc2ccccc2o1)n1cnnc1",
            2
        ],
        "predicted_catalysts": [
            ""
        ],
        "predicted_reactants": [
            "CC(=O)OCC(=O)Nn1cnnc1",
            "OB(O)c1cc2ccccc2o1"
        ],
        "predicted_reagents": [
            "c1ccncc1.O=C(OC(=O)C(F)(F)F)C(F)(F)F"
        ],
        "predicted_solvents": [
            "C1CCOC1"
        ],
        "reaction_smiles": "CC(=O)OCC(=O)Nn1cnnc1.OB(O)c1cc2ccccc2o1>>CC(=O)OCC(=O)N(c1cc2ccccc2o1)n1cnnc1",
        "target_product": [
            [
                "CC(=O)OCC(=O)N(c1cc2ccccc2o1)n1cnnc1"
            ]
        ],
        "total_volume": 500
    },
    {
        "final_product": [
            2,
            "yes",
            "COc1ccc(N(C#N)S(=O)(=O)c2cccc(Br)c2)cc1",
            2
        ],
        "predicted_catalysts": [
            ""
        ],
        "predicted_reactants": [
            "COc1ccc(NC#N)cc1",
            "O=S(=O)(Cl)c1cccc(Br)c1"
        ],
        "predicted_reagents": [
            "[H-].[Na+]"
        ],
        "predicted_solvents": [
            ""
        ],
        "reaction_smiles": "COc1ccc(NC#N)cc1.O=S(=O)(Cl)c1cccc(Br)c1>>COc1ccc(N(C#N)S(=O)(=O)c2cccc(Br)c2)cc1",
        "target_product": [
            [
                "COc1ccc(N(C#N)S(=O)(=O)c2cccc(Br)c2)cc1"
            ]
        ],
        "total_volume": 500
    },
    {
        "final_product": [
            2,
            "yes",
            "COc1ccc(N(n2cnnc2)S(=O)(=O)c2ccccc2)cc1",
            2
        ],
        "predicted_catalysts": [
            ""
        ],
        "predicted_reactants": [
            "COc1ccc(Nn2cnnc2)cc1",
            "O=S(=O)(Cl)c1ccccc1"
        ],
        "predicted_reagents": [
            "CCN(CC)CC"
        ],
        "predicted_solvents": [
            "ClC(Cl)Cl"
        ],
        "reaction_smiles": "COc1ccc(Nn2cnnc2)cc1.O=S(=O)(Cl)c1ccccc1>>COc1ccc(N(n2cnnc2)S(=O)(=O)c2ccccc2)cc1",
        "target_product": [
            [
                "COc1ccc(N(n2cnnc2)S(=O)(=O)c2ccccc2)cc1"
            ]
        ],
        "total_volume": 500
    },
    {
        "final_product": [
            2,
            "yes",
            "Cc1ccc(N(c2c(F)c(F)c(F)c(F)c2[N+](=O)[O-])n2cnnc2)cc1",
            2
        ],
        "predicted_catalysts": [
            ""
        ],
        "predicted_reactants": [
            "Cc1ccc(Nn2cnnc2)cc1",
            "O=[N+]([O-])c1c(F)c(F)c(F)c(F)c1F"
        ],
        "predicted_reagents": [
            "[H-].[Na+]"
        ],
        "predicted_solvents": [
            "C1CCOC1.C1CCOC1"
        ],
        "reaction_smiles": "Cc1ccc(Nn2cnnc2)cc1.O=[N+]([O-])c1c(F)c(F)c(F)c(F)c1F>>Cc1ccc(N(c2c(F)c(F)c(F)c(F)c2[N+](=O)[O-])n2cnnc2)cc1",
        "target_product": [
            [
                "Cc1ccc(N(c2c(F)c(F)c(F)c(F)c2[N+](=O)[O-])n2cnnc2)cc1"
            ]
        ],
        "total_volume": 500
    },
    {
        "final_product": [
            1,
            "no",
            "N#CN(c1ccc(C=O)cc1)S(=O)(=O)c1cccc(-c2cnc3ccccc3c2)c1",
            3
        ],
        "predicted_catalysts": [
            ""
        ],
        "predicted_reactants": [
            "N#CN",
            "O=S(=O)(Cl)c1cccc(Br)c1"
        ],
        "predicted_reagents": [
            ""
        ],
        "predicted_solvents": [
            "C1CCOC1"
        ],
        "reaction_smiles": "N#CN.O=S(=O)(Cl)c1cccc(Br)c1>>N#CNS(=O)(=O)c1cccc(Br)c1",
        "target_product": [
            [
                "N#CNS(=O)(=O)c1cccc(Br)c1"
            ]
        ],
        "total_volume": 500
    },
    {
        "final_product": [
            2,
            "yes",
            "O=[N+]([O-])c1ccc(N(c2nc(Cl)nc(Cl)n2)c2ccccc2-c2ccccc2)cc1",
            2
        ],
        "predicted_catalysts": [
            ""
        ],
        "predicted_reactants": [
            "O=[N+]([O-])c1ccc(Nc2ccccc2-c2ccccc2)cc1",
            "Clc1nc(Cl)nc(Cl)n1"
        ],
        "predicted_reagents": [
            "CCN(CC)CC"
        ],
        "predicted_solvents": [
            "C1CCOC1"
        ],
        "reaction_smiles": "O=[N+]([O-])c1ccc(Nc2ccccc2-c2ccccc2)cc1.Clc1nc(Cl)nc(Cl)n1>>O=[N+]([O-])c1ccc(N(c2nc(Cl)nc(Cl)n2)c2ccccc2-c2ccccc2)cc1",
        "target_product": [
            [
                "O=[N+]([O-])c1ccc(N(c2nc(Cl)nc(Cl)n2)c2ccccc2-c2ccccc2)cc1"
            ]
        ],
        "total_volume": 500
    },
    {
        "final_product": [
            1,
            "no",
            "Cc1c(C(=O)N(c2ccccc2)n2cnnc2)cccc1-c1cc2ccccc2o1",
            3
        ],
        "predicted_catalysts": [
            ""
        ],
        "predicted_reactants": [
            "Nn1cnnc1",
            "Cc1c(Br)cccc1C(=O)O"
        ],
        "predicted_reagents": [
            "On1nnc2ccccc21.CCN=C=NCCCN(C)C.Cl"
        ],
        "predicted_solvents": [
            "ClCCl"
        ],
        "reaction_smiles": "Nn1cnnc1.Cc1c(Br)cccc1C(=O)O>>Cc1c(Br)cccc1C(=O)Nn1cnnc1",
        "target_product": [
            [
                "Cc1c(Br)cccc1C(=O)Nn1cnnc1"
            ]
        ],
        "total_volume": 500
    },
    {
        "final_product": [
            1,
            "no",
            "CC(C)(C)c1ccc(S(=O)(=O)N(C(=O)Cc2ccccc2)S(C)(=O)=O)cc1",
            2
        ],
        "predicted_catalysts": [
            ""
        ],
        "predicted_reactants": [
            "CS(N)(=O)=O",
            "CC(C)(C)c1ccc(S(=O)(=O)Cl)cc1"
        ],
        "predicted_reagents": [
            "CCN(CC)CC"
        ],
        "predicted_solvents": [
            "ClCCl"
        ],
        "reaction_smiles": "CS(N)(=O)=O.CC(C)(C)c1ccc(S(=O)(=O)Cl)cc1>>CC(C)(C)c1ccc(S(=O)(=O)NS(C)(=O)=O)cc1",
        "target_product": [
            [
                "CC(C)(C)c1ccc(S(=O)(=O)NS(C)(=O)=O)cc1"
            ]
        ],
        "total_volume": 500
    },
    {
        "final_product": [
            1,
            "no",
            "CS(=O)(=O)N(C(=O)c1cccc([N+](=O)[O-])c1)S(=O)(=O)c1ccc(-c2ccc(Cl)nc2)cc1",
            3
        ],
        "predicted_catalysts": [
            ""
        ],
        "predicted_reactants": [
            "CS(N)(=O)=O",
            "O=S(=O)(Cl)c1ccc(Br)cc1"
        ],
        "predicted_reagents": [
            "CCN(CC)CC"
        ],
        "predicted_solvents": [
            "ClCCl"
        ],
        "reaction_smiles": "CS(N)(=O)=O.O=S(=O)(Cl)c1ccc(Br)cc1>>CS(=O)(=O)NS(=O)(=O)c1ccc(Br)cc1",
        "target_product": [
            [
                "CS(=O)(=O)NS(=O)(=O)c1ccc(Br)cc1"
            ]
        ],
        "total_volume": 500
    },
    {
        "final_product": [
            2,
            "yes",
            "CC(=O)Oc1ccccc1C(=O)N(c1cccnc1)n1cnnc1",
            2
        ],
        "predicted_catalysts": [
            ""
        ],
        "predicted_reactants": [
            "c1cncc(Nn2cnnc2)c1",
            "CC(=O)Oc1ccccc1C(=O)O"
        ],
        "predicted_reagents": [
            "C(=NC1CCCCC1)=NC1CCCCC1"
        ],
        "predicted_solvents": [
            "ClCCl"
        ],
        "reaction_smiles": "c1cncc(Nn2cnnc2)c1.CC(=O)Oc1ccccc1C(=O)O>>CC(=O)Oc1ccccc1C(=O)N(c1cccnc1)n1cnnc1",
        "target_product": [
            [
                "CC(=O)Oc1ccccc1C(=O)N(c1cccnc1)n1cnnc1"
            ]
        ],
        "total_volume": 500
    },
    {
        "final_product": [
            2,
            "yes",
            "Cc1cc(C)c(N(C2CCc3ccccc32)S(=O)(=O)c2ccccc2)c(C)c1",
            2
        ],
        "predicted_catalysts": [
            ""
        ],
        "predicted_reactants": [
            "Cc1cc(C)c(NS(=O)(=O)c2ccccc2)c(C)c1",
            "OC1CCc2ccccc21"
        ],
        "predicted_reagents": [
            "c1ccc(P(c2ccccc2)c2ccccc2)cc1.CCOC(=O)N=NC(=O)OCC"
        ],
        "predicted_solvents": [
            "C1CCOC1"
        ],
        "reaction_smiles": "Cc1cc(C)c(NS(=O)(=O)c2ccccc2)c(C)c1.OC1CCc2ccccc21>>Cc1cc(C)c(N(C2CCc3ccccc32)S(=O)(=O)c2ccccc2)c(C)c1",
        "target_product": [
            [
                "Cc1cc(C)c(N(C2CCc3ccccc32)S(=O)(=O)c2ccccc2)c(C)c1"
            ]
        ],
        "total_volume": 500
    },
    {
        "final_product": [
            2,
            "yes",
            "O=Cc1ccc(N(n2cnnc2)S(=O)(=O)c2ccc(Br)cc2)cc1",
            2
        ],
        "predicted_catalysts": [
            ""
        ],
        "predicted_reactants": [
            "O=Cc1ccc(Nn2cnnc2)cc1",
            "O=S(=O)(Cl)c1ccc(Br)cc1"
        ],
        "predicted_reagents": [
            "c1ccncc1"
        ],
        "predicted_solvents": [
            "ClCCl"
        ],
        "reaction_smiles": "O=Cc1ccc(Nn2cnnc2)cc1.O=S(=O)(Cl)c1ccc(Br)cc1>>O=Cc1ccc(N(n2cnnc2)S(=O)(=O)c2ccc(Br)cc2)cc1",
        "target_product": [
            [
                "O=Cc1ccc(N(n2cnnc2)S(=O)(=O)c2ccc(Br)cc2)cc1"
            ]
        ],
        "total_volume": 500
    },
    {
        "final_product": [
            2,
            "yes",
            "NS(=O)(=O)N(S(=O)(=O)c1ccccc1)S(=O)(=O)C(F)(F)F",
            2
        ],
        "predicted_catalysts": [
            ""
        ],
        "predicted_reactants": [
            "NS(=O)(=O)NS(=O)(=O)C(F)(F)F",
            "O=S(=O)(Cl)c1ccccc1"
        ],
        "predicted_reagents": [
            "c1ccncc1"
        ],
        "predicted_solvents": [
            "ClCCl"
        ],
        "reaction_smiles": "NS(=O)(=O)NS(=O)(=O)C(F)(F)F.O=S(=O)(Cl)c1ccccc1>>NS(=O)(=O)N(S(=O)(=O)c1ccccc1)S(=O)(=O)C(F)(F)F",
        "target_product": [
            [
                "NS(=O)(=O)N(S(=O)(=O)c1ccccc1)S(=O)(=O)C(F)(F)F"
            ]
        ],
        "total_volume": 500
    },
    {
        "final_product": [
            2,
            "yes",
            "Cc1c(Br)cccc1C(=O)N(c1ccsc1)n1cnnc1",
            2
        ],
        "predicted_catalysts": [
            ""
        ],
        "predicted_reactants": [
            "c1cc(Nn2cnnc2)cs1",
            "Cc1c(Br)cccc1C(=O)O"
        ],
        "predicted_reagents": [
            "CCN(CC)CC.O=C(Cl)C(=O)Cl"
        ],
        "predicted_solvents": [
            "ClCCl"
        ],
        "reaction_smiles": "c1cc(Nn2cnnc2)cs1.Cc1c(Br)cccc1C(=O)O>>Cc1c(Br)cccc1C(=O)N(c1ccsc1)n1cnnc1",
        "target_product": [
            [
                "Cc1c(Br)cccc1C(=O)N(c1ccsc1)n1cnnc1"
            ]
        ],
        "total_volume": 500
    },
    {
        "final_product": [
            1,
            "no",
            "Cc1cc(C)c(N(S(=O)(=O)c2ccc(Br)cc2)S(=O)(=O)c2cccs2)c(C)c1",
            2
        ],
        "predicted_catalysts": [
            ""
        ],
        "predicted_reactants": [
            "CC1=CC(=C(C(=C1)C)N)C",
            "O=S(=O)(Cl)c1cccs1"
        ],
        "predicted_reagents": [
            "c1ccncc1"
        ],
        "predicted_solvents": [
            ""
        ],
        "reaction_smiles": "CC1=CC(=C(C(=C1)C)N)C.O=S(=O)(Cl)c1cccs1>>Cc1cc(C)c(NS(=O)(=O)c2cccs2)c(C)c1",
        "target_product": [
            [
                "Cc1cc(C)c(NS(=O)(=O)c2cccs2)c(C)c1"
            ]
        ],
        "total_volume": 500
    }
]